<?xml version="1.0" encoding="UTF-8"?>
<ivy-module version="2.0" xmlns:e="http://ant.apache.org/ivy/extra">
	<info organisation="com.github.mwz" module="sbt-sonar" revision="1.6.0" status="release" publication="20181231152646" e:sbtVersion="1.0" e:scalaVersion="2.12">
		<license name="Apache-2.0" url="http://www.apache.org/licenses/LICENSE-2.0"/>
		<description homepage="https://github.com/mwz/sbt-sonar">
		sbt-sonar
		</description>
	</info>
	<configurations>
		<conf name="compile" visibility="public" description=""/>
		<conf name="runtime" visibility="public" description="" extends="compile"/>
		<conf name="test" visibility="public" description="" extends="runtime"/>
		<conf name="provided" visibility="public" description=""/>
		<conf name="optional" visibility="public" description=""/>
		
		
		
		
		<conf name="sources" visibility="public" description=""/>
		<conf name="docs" visibility="public" description=""/>
		<conf name="pom" visibility="public" description=""/>
		
		
		
		
	</configurations>
	<publications>
		<artifact name="sbt-sonar" type="jar" ext="jar" conf="compile"/>
		<artifact name="sbt-sonar" type="src" ext="jar" conf="sources" e:classifier="sources"/>
		<artifact name="sbt-sonar" type="doc" ext="jar" conf="docs" e:classifier="javadoc"/>
	</publications>
	<dependencies>
		
		<dependency org="org.scala-lang" name="scala-library" rev="2.12.2" conf="provided->default(compile)"/>
		<dependency org="org.scala-sbt" name="sbt" rev="1.1.6" conf="provided->default(compile)"/>
		
		
		<dependency org="org.scalatest" name="scalatest_2.12" rev="3.0.4" conf="test->default(compile)"/>
		
		
	</dependencies>
</ivy-module>
