<?xml version='1.1' encoding='UTF-8'?>
<hudson.model.UserIdMapper>
  <version>1</version>
  <idToDirectoryNameMap class="concurrent-hash-map">
    <entry>
      <string>diego_decarvalho</string>
      <string>diegodecarvalh_3978437907877862461</string>
    </entry>
    <entry>
      <string>alfonso_sastre</string>
      <string>alfonsosastre_8847296290221379727</string>
    </entry>
    <entry>
      <string>victor_bellon</string>
      <string>victorbellon_2503731942097999962</string>
    </entry>
    <entry>
      <string>admin</string>
      <string>admin_4980692452345245070</string>
    </entry>
    <entry>
      <string>diego.decarvalho _diego.decarvalho@edreamsodigeo.com_</string>
      <string>diegodecarvalh_4413171563438452499</string>
    </entry>
    <entry>
      <string>alfonso sastre bruno _alfonso.sastre@edreamsodigeo.com_</string>
      <string>AlfonsoSastreB_7600488240439239994</string>
    </entry>
    <entry>
      <string>esther.vidal</string>
      <string>esthervidal_7248179227271692200</string>
    </entry>
    <entry>
      <string>angel_munte</string>
      <string>angelmunte_3471768660058469687</string>
    </entry>
    <entry>
      <string>lucas rodes guirao _lucas.rodesguirao@edreamsodigeo.com_</string>
      <string>LucasRodesGuir_3739840786033251361</string>
    </entry>
    <entry>
      <string>iosu_miral</string>
      <string>iosumiral_2810879205162929674</string>
    </entry>
    <entry>
      <string>iosu miral beaumont _iosu.miral@edreamsodigeo.com_</string>
      <string>IosuMiralBeaum_5078032498926975440</string>
    </entry>
    <entry>
      <string>alessio di lodovico (external) _alessio.lodovico@edreamsodigeo.com_</string>
      <string>AlessioDiLodov_5008367469445479686</string>
    </entry>
    <entry>
      <string>alessio.lodovico  _alessio.lodovico@email.com_</string>
      <string>alessiolodovic_6019026606991418950</string>
    </entry>
    <entry>
      <string>adela_tort</string>
      <string>adelatort_6183555081752955854</string>
    </entry>
    <entry>
      <string>esther_vidal</string>
      <string>esthervidal_6499138993961672545</string>
    </entry>
    <entry>
      <string>diego de carvalho _diego.decarvalho@edreamsodigeo.com_</string>
      <string>DiegodeCarvalh_7182718630910493521</string>
    </entry>
    <entry>
      <string>esther vidal _esther.vidal@edreamsodigeo.com_</string>
      <string>EstherVidalest_8255266981623941454</string>
    </entry>
  </idToDirectoryNameMap>
</hudson.model.UserIdMapper>