<?xml version="1.0" encoding="UTF-8"?>
<ivy-module version="2.0" xmlns:m="http://ant.apache.org/ivy/maven" xmlns:e="http://ant.apache.org/ivy/extra">
	<info organisation="org.apache.orc"
		module="orc-core"
		revision="1.5.5"
		status="release"
		publication="20190314202745"
	>
		<license name="Apache License, Version 2.0" url="https://www.apache.org/licenses/LICENSE-2.0.txt" />
		<description homepage="">
		The core reader and writer for ORC files. Uses the vectorized column batch
    for the in memory representation.
		</description>
		<m:dependency.management__com.opencsv__opencsv__version>3.9</m:dependency.management__com.opencsv__opencsv__version>
		<m:dependency.management__org.apache.hadoop__hadoop-hdfs__exclusion_8>org.fusesource.leveldbjni__leveldbjni-all</m:dependency.management__org.apache.hadoop__hadoop-hdfs__exclusion_8>
		<m:dependency.management__commons-codec__commons-codec__version>1.4</m:dependency.management__commons-codec__commons-codec__version>
		<m:dependency.management__org.apache.hadoop__hadoop-hdfs__exclusion_9>org.mortbay.jetty__jetty</m:dependency.management__org.apache.hadoop__hadoop-hdfs__exclusion_9>
		<m:dependency.management__org.apache.hadoop__hadoop-hdfs__exclusion_0>org.mortbay.jetty__jetty-util</m:dependency.management__org.apache.hadoop__hadoop-hdfs__exclusion_0>
		<m:dependency.management__org.apache.zookeeper__zookeeper__scope>runtime</m:dependency.management__org.apache.zookeeper__zookeeper__scope>
		<m:dependency.management__org.apache.hadoop__hadoop-hdfs__exclusion_1>tomcat__jasper-runtime</m:dependency.management__org.apache.hadoop__hadoop-hdfs__exclusion_1>
		<m:dependency.management__org.apache.hadoop__hadoop-hdfs__version>2.2.0</m:dependency.management__org.apache.hadoop__hadoop-hdfs__version>
		<m:dependency.management__org.apache.hadoop__hadoop-hdfs__exclusion_2>com.google.code.findbugs__jsr305</m:dependency.management__org.apache.hadoop__hadoop-hdfs__exclusion_2>
		<m:dependency.management__org.apache.hadoop__hadoop-hdfs__exclusion_3>commons-daemon__commons-daemon</m:dependency.management__org.apache.hadoop__hadoop-hdfs__exclusion_3>
		<m:dependency.management__org.apache.hadoop__hadoop-hdfs__exclusion_4>io.netty__netty</m:dependency.management__org.apache.hadoop__hadoop-hdfs__exclusion_4>
		<m:dependency.management__org.apache.hadoop__hadoop-hdfs__exclusion_5>javax.servlet__servlet-api</m:dependency.management__org.apache.hadoop__hadoop-hdfs__exclusion_5>
		<m:dependency.management__org.apache.hadoop__hadoop-hdfs__exclusion_6>javax.servlet.jsp__jsp-api</m:dependency.management__org.apache.hadoop__hadoop-hdfs__exclusion_6>
		<m:dependency.management__org.apache.hadoop__hadoop-hdfs__exclusion_7>org.apache.avro__avro</m:dependency.management__org.apache.hadoop__hadoop-hdfs__exclusion_7>
		<m:dependency.management__org.apache.orc__orc-mapreduce__version>1.5.5</m:dependency.management__org.apache.orc__orc-mapreduce__version>
		<m:properties__hadoop.version>2.7.3</m:properties__hadoop.version>
		<m:dependency.management__org.apache.hadoop__hadoop-common__exclusion_14>commons-el__commons-el</m:dependency.management__org.apache.hadoop__hadoop-common__exclusion_14>
		<m:dependency.management__org.apache.hadoop__hadoop-common__exclusion_13>commons-digester__commons-digester</m:dependency.management__org.apache.hadoop__hadoop-common__exclusion_13>
		<m:dependency.management__org.apache.hadoop__hadoop-common__exclusion_16>com.sun.jersey__jersey-json</m:dependency.management__org.apache.hadoop__hadoop-common__exclusion_16>
		<m:dependency.management__org.threeten__threetenbp__version>1.3.5</m:dependency.management__org.threeten__threetenbp__version>
		<m:dependency.management__org.apache.hadoop__hadoop-common__exclusion_15>com.google.code.findbugs__jsr305</m:dependency.management__org.apache.hadoop__hadoop-common__exclusion_15>
		<m:dependency.management__org.apache.hadoop__hadoop-common__exclusion_10>net.java.dev.jets3t__jets3t</m:dependency.management__org.apache.hadoop__hadoop-common__exclusion_10>
		<m:dependency.management__commons-cli__commons-cli__version>1.3.1</m:dependency.management__commons-cli__commons-cli__version>
		<m:dependency.management__org.slf4j__slf4j-api__version>1.7.5</m:dependency.management__org.slf4j__slf4j-api__version>
		<m:dependency.management__org.apache.hadoop__hadoop-common__exclusion_12>commons-daemon__commons-daemon</m:dependency.management__org.apache.hadoop__hadoop-common__exclusion_12>
		<m:properties__min.hadoop.version>2.2.0</m:properties__min.hadoop.version>
		<m:dependency.management__org.apache.hadoop__hadoop-common__exclusion_11>commons-beanutils__commons-beanutils-core</m:dependency.management__org.apache.hadoop__hadoop-common__exclusion_11>
		<m:dependency.management__org.codehaus.jettison__jettison__exclusion_0>stax__stax-api</m:dependency.management__org.codehaus.jettison__jettison__exclusion_0>
		<m:dependency.management__junit__junit__scope>test</m:dependency.management__junit__junit__scope>
		<m:properties__project.reporting.outputEncoding>UTF-8</m:properties__project.reporting.outputEncoding>
		<m:properties__distMgmtSnapshotsUrl>https://repository.apache.org/content/repositories/snapshots</m:properties__distMgmtSnapshotsUrl>
		<m:dependency.management__org.apache.hive__hive-storage-api__exclusion_0>org.apache.hadoop__hadoop-hdfs</m:dependency.management__org.apache.hive__hive-storage-api__exclusion_0>
		<m:properties__gpg.useagent>true</m:properties__gpg.useagent>
		<m:dependency.management__org.mockito__mockito-core__version>1.9.5</m:dependency.management__org.mockito__mockito-core__version>
		<m:dependency.management__org.hamcrest__hamcrest-core__scope>test</m:dependency.management__org.hamcrest__hamcrest-core__scope>
		<m:dependency.management__org.slf4j__slf4j-simple__version>1.7.5</m:dependency.management__org.slf4j__slf4j-simple__version>
		<m:dependency.management__org.apache.mrunit__mrunit__version>1.1.0</m:dependency.management__org.apache.mrunit__mrunit__version>
		<m:dependency.management__org.codehaus.jettison__jettison__version>1.1</m:dependency.management__org.codehaus.jettison__jettison__version>
		<m:dependency.management__org.apache.commons__commons-csv__version>1.4</m:dependency.management__org.apache.commons__commons-csv__version>
		<m:dependency.management__org.apache.zookeeper__zookeeper__version>3.4.6</m:dependency.management__org.apache.zookeeper__zookeeper__version>
		<m:dependency.management__com.google.code.gson__gson__version>2.2.4</m:dependency.management__com.google.code.gson__gson__version>
		<m:dependency.management__org.mockito__mockito-core__scope>test</m:dependency.management__org.mockito__mockito-core__scope>
		<m:dependency.management__junit__junit__version>4.11</m:dependency.management__junit__junit__version>
		<m:properties__organization.logo>https://www.apache.org/images/asf_logo_wide.gif</m:properties__organization.logo>
		<m:dependency.management__io.airlift__aircompressor__exclusion_0>io.airlift__slice</m:dependency.management__io.airlift__aircompressor__exclusion_0>
		<m:dependency.management__org.apache.zookeeper__zookeeper__exclusion_0>io.netty__netty</m:dependency.management__org.apache.zookeeper__zookeeper__exclusion_0>
		<m:dependency.management__org.apache.hive__hive-storage-api__version>2.6.0</m:dependency.management__org.apache.hive__hive-storage-api__version>
		<m:dependency.management__com.opencsv__opencsv__exclusion_0>commons-beanutils__commons-beanutils</m:dependency.management__com.opencsv__opencsv__exclusion_0>
		<m:properties__zookeeper.version>3.4.6</m:properties__zookeeper.version>
		<m:dependency.management__javax.xml.bind__jaxb-api__version>2.2.11</m:dependency.management__javax.xml.bind__jaxb-api__version>
		<m:dependency.management__org.apache.hadoop__hadoop-hdfs__exclusion_10>xerces__xercesImpl</m:dependency.management__org.apache.hadoop__hadoop-hdfs__exclusion_10>
		<e:sbtTransformHash>c1bb3201711502cc0f726a367fbe9e630a7c0c5a</e:sbtTransformHash>
		<m:properties__maven.compiler.target>1.6</m:properties__maven.compiler.target>
		<m:maven.plugins>org.apache.maven.plugins__maven-remote-resources-plugin__null|org.apache.maven.plugins__maven-site-plugin__null|org.apache.maven.plugins__maven-remote-resources-plugin__null|org.apache.maven.plugins__maven-site-plugin__null|org.apache.maven.plugins__maven-enforcer-plugin__3.0.0-M1|org.apache.maven.plugins__maven-javadoc-plugin__2.10.4|org.apache.maven.plugins__maven-antrun-plugin__1.7|org.apache.maven.plugins__maven-surefire-plugin__2.21.0|org.apache.maven.plugins__maven-project-info-reports-plugin__2.9|org.apache.maven.plugins__maven-remote-resources-plugin__null|org.apache.maven.plugins__maven-site-plugin__null|org.apache.maven.plugins__maven-remote-resources-plugin__null|org.apache.maven.plugins__maven-site-plugin__null|org.apache.maven.plugins__maven-enforcer-plugin__3.0.0-M1|org.apache.maven.plugins__maven-javadoc-plugin__2.10.4|org.apache.maven.plugins__maven-antrun-plugin__1.7|org.apache.maven.plugins__maven-surefire-plugin__2.21.0|org.apache.maven.plugins__maven-project-info-reports-plugin__2.9|com.github.os72__protoc-jar-maven-plugin__null|org.apache.maven.plugins__maven-compiler-plugin__null|org.apache.maven.plugins__maven-javadoc-plugin__null|org.codehaus.mojo__build-helper-maven-plugin__null|org.apache.maven.plugins__maven-shade-plugin__null</m:maven.plugins>
		<m:dependency.management__org.apache.orc__orc-tools__version>1.5.5</m:dependency.management__org.apache.orc__orc-tools__version>
		<m:properties__storage-api.version>2.6.0</m:properties__storage-api.version>
		<m:dependency.management__org.apache.orc__orc-core__version>1.5.5</m:dependency.management__org.apache.orc__orc-core__version>
		<m:dependency.management__com.esotericsoftware__kryo-shaded__version>3.0.3</m:dependency.management__com.esotericsoftware__kryo-shaded__version>
		<m:dependency.management__org.apache.hadoop__hadoop-common__exclusion_6>org.apache.curator__curator-recipes</m:dependency.management__org.apache.hadoop__hadoop-common__exclusion_6>
		<m:dependency.management__org.apache.hadoop__hadoop-common__exclusion_7>javax.servlet__servlet-api</m:dependency.management__org.apache.hadoop__hadoop-common__exclusion_7>
		<m:dependency.management__com.google.protobuf__protobuf-java__version>2.5.0</m:dependency.management__com.google.protobuf__protobuf-java__version>
		<m:dependency.management__org.apache.hadoop__hadoop-common__version>2.2.0</m:dependency.management__org.apache.hadoop__hadoop-common__version>
		<m:dependency.management__org.apache.hadoop__hadoop-common__exclusion_8>javax.servlet.jsp__jsp-api</m:dependency.management__org.apache.hadoop__hadoop-common__exclusion_8>
		<m:dependency.management__com.google.guava__guava__version>11.0.2</m:dependency.management__com.google.guava__guava__version>
		<m:dependency.management__commons-lang__commons-lang__version>2.6</m:dependency.management__commons-lang__commons-lang__version>
		<m:dependency.management__org.apache.hadoop__hadoop-common__exclusion_9>jdk.tools__jdk.tools</m:dependency.management__org.apache.hadoop__hadoop-common__exclusion_9>
		<m:dependency.management__org.apache.hadoop__hadoop-common__exclusion_2>tomcat__jasper-runtime</m:dependency.management__org.apache.hadoop__hadoop-common__exclusion_2>
		<m:dependency.management__org.apache.hadoop__hadoop-common__exclusion_3>tomcat__jasper-compiler</m:dependency.management__org.apache.hadoop__hadoop-common__exclusion_3>
		<m:dependency.management__org.apache.hadoop__hadoop-common__exclusion_4>org.tukaani__xz</m:dependency.management__org.apache.hadoop__hadoop-common__exclusion_4>
		<m:dependency.management__org.apache.hadoop__hadoop-common__exclusion_5>org.mortbay.jetty__jetty</m:dependency.management__org.apache.hadoop__hadoop-common__exclusion_5>
		<m:properties__maven.compiler.useIncrementalCompilation>false</m:properties__maven.compiler.useIncrementalCompilation>
		<m:properties__test.tmp.dir>${project.build.directory}/testing-tmp</m:properties__test.tmp.dir>
		<m:dependency.management__org.apache.hadoop__hadoop-mapreduce-client-core__exclusion_5>com.google.code.findbugs__jsr305</m:dependency.management__org.apache.hadoop__hadoop-mapreduce-client-core__exclusion_5>
		<m:dependency.management__org.apache.mrunit__mrunit__scope>test</m:dependency.management__org.apache.mrunit__mrunit__scope>
		<m:properties__project.build.sourceEncoding>UTF-8</m:properties__project.build.sourceEncoding>
		<m:properties__surefire.version>2.19.1</m:properties__surefire.version>
		<m:dependency.management__org.apache.hadoop__hadoop-mapreduce-client-core__exclusion_3>javax.servlet__servlet-api</m:dependency.management__org.apache.hadoop__hadoop-mapreduce-client-core__exclusion_3>
		<m:dependency.management__org.apache.hadoop__hadoop-mapreduce-client-core__exclusion_4>javax.servlet.jsp__jsp-api</m:dependency.management__org.apache.hadoop__hadoop-mapreduce-client-core__exclusion_4>
		<m:dependency.management__org.hamcrest__hamcrest-core__version>1.3</m:dependency.management__org.hamcrest__hamcrest-core__version>
		<m:dependency.management__org.apache.hadoop__hadoop-mapreduce-client-core__exclusion_1>org.mortbay.jetty__jetty</m:dependency.management__org.apache.hadoop__hadoop-mapreduce-client-core__exclusion_1>
		<m:properties__example.dir>${project.basedir}/../../examples</m:properties__example.dir>
		<m:dependency.management__org.apache.hadoop__hadoop-mapreduce-client-core__exclusion_2>org.mortbay.jetty__jetty-util</m:dependency.management__org.apache.hadoop__hadoop-mapreduce-client-core__exclusion_2>
		<m:dependency.management__io.airlift__aircompressor__version>0.10</m:dependency.management__io.airlift__aircompressor__version>
		<m:dependency.management__org.apache.hadoop__hadoop-mapreduce-client-core__exclusion_0>org.apache.avro__avro</m:dependency.management__org.apache.hadoop__hadoop-mapreduce-client-core__exclusion_0>
		<m:properties__distMgmtSnapshotsName>Apache Development Snapshot Repository</m:properties__distMgmtSnapshotsName>
		<m:properties__sourceReleaseAssemblyDescriptor>source-release</m:properties__sourceReleaseAssemblyDescriptor>
		<m:dependency.management__org.apache.orc__orc-shims__version>1.5.5</m:dependency.management__org.apache.orc__orc-shims__version>
		<m:dependency.management__org.apache.hadoop__hadoop-common__exclusion_0>org.apache.avro__avro</m:dependency.management__org.apache.hadoop__hadoop-common__exclusion_0>
		<m:dependency.management__org.apache.hadoop__hadoop-common__exclusion_1>org.mortbay.jetty__jetty-util</m:dependency.management__org.apache.hadoop__hadoop-common__exclusion_1>
		<m:dependency.management__org.apache.orc__orc-shims__exclusion_1>org.apache.hadoop__hadoop-common</m:dependency.management__org.apache.orc__orc-shims__exclusion_1>
		<m:properties__maven.compiler.source>1.6</m:properties__maven.compiler.source>
		<m:dependency.management__org.apache.orc__orc-shims__exclusion_0>org.apache.hadoop__hadoop-hdfs</m:dependency.management__org.apache.orc__orc-shims__exclusion_0>
		<m:dependency.management__org.apache.hadoop__hadoop-mapreduce-client-core__version>2.2.0</m:dependency.management__org.apache.hadoop__hadoop-mapreduce-client-core__version>
	</info>
	<configurations>
		<conf name="default" visibility="public" description="runtime dependencies and master artifact can be used with this conf" extends="runtime,master"/>
		<conf name="master" visibility="public" description="contains only the artifact published by this module itself, with no transitive dependencies"/>
		<conf name="compile" visibility="public" description="this is the default scope, used if none is specified. Compile dependencies are available in all classpaths."/>
		<conf name="provided" visibility="public" description="this is much like compile, but indicates you expect the JDK or a container to provide it. It is only available on the compilation classpath, and is not transitive."/>
		<conf name="runtime" visibility="public" description="this scope indicates that the dependency is not required for compilation, but is for execution. It is in the runtime and test classpaths, but not the compile classpath." extends="compile"/>
		<conf name="test" visibility="private" description="this scope indicates that the dependency is not required for normal use of the application, and is only available for the test compilation and execution phases." extends="runtime"/>
		<conf name="system" visibility="public" description="this scope is similar to provided except that you have to provide the JAR which contains it explicitly. The artifact is always available and is not looked up in a repository."/>
		<conf name="sources" visibility="public" description="this configuration contains the source artifact of this module, if any."/>
		<conf name="javadoc" visibility="public" description="this configuration contains the javadoc artifact of this module, if any."/>
		<conf name="optional" visibility="public" description="contains all optional dependencies"/>
	</configurations>
	<publications>
		<artifact name="orc-core" type="jar" ext="jar" conf="master"/>
	</publications>
	<dependencies>
		<dependency org="org.apache.orc" name="orc-shims" rev="1.5.5" force="true" conf="compile->compile(*),master(compile);runtime->runtime(*)">
			<exclude org="org.apache.hadoop" module="hadoop-hdfs" name="*" type="*" ext="*" conf="" matcher="exact"/>
			<exclude org="org.apache.hadoop" module="hadoop-common" name="*" type="*" ext="*" conf="" matcher="exact"/>
		</dependency>
		<dependency org="com.google.protobuf" name="protobuf-java" rev="2.5.0" force="true" conf="compile->compile(*),master(compile);runtime->runtime(*)"/>
		<dependency org="commons-lang" name="commons-lang" rev="2.6" force="true" conf="compile->compile(*),master(compile);runtime->runtime(*)"/>
		<dependency org="io.airlift" name="aircompressor" rev="0.10" force="true" conf="compile->compile(*),master(compile);runtime->runtime(*)">
			<exclude org="io.airlift" module="slice" name="*" type="*" ext="*" conf="" matcher="exact"/>
		</dependency>
		<dependency org="javax.xml.bind" name="jaxb-api" rev="2.2.11" force="true" conf="compile->compile(*),master(compile);runtime->runtime(*)"/>
		<dependency org="org.apache.hadoop" name="hadoop-common" rev="2.2.0" force="true" conf="compile->compile(*),master(compile);runtime->runtime(*)">
			<exclude org="org.apache.avro" module="avro" name="*" type="*" ext="*" conf="" matcher="exact"/>
			<exclude org="org.mortbay.jetty" module="jetty-util" name="*" type="*" ext="*" conf="" matcher="exact"/>
			<exclude org="tomcat" module="jasper-runtime" name="*" type="*" ext="*" conf="" matcher="exact"/>
			<exclude org="tomcat" module="jasper-compiler" name="*" type="*" ext="*" conf="" matcher="exact"/>
			<exclude org="org.tukaani" module="xz" name="*" type="*" ext="*" conf="" matcher="exact"/>
			<exclude org="org.mortbay.jetty" module="jetty" name="*" type="*" ext="*" conf="" matcher="exact"/>
			<exclude org="org.apache.curator" module="curator-recipes" name="*" type="*" ext="*" conf="" matcher="exact"/>
			<exclude org="javax.servlet" module="servlet-api" name="*" type="*" ext="*" conf="" matcher="exact"/>
			<exclude org="javax.servlet.jsp" module="jsp-api" name="*" type="*" ext="*" conf="" matcher="exact"/>
			<exclude org="jdk.tools" module="jdk.tools" name="*" type="*" ext="*" conf="" matcher="exact"/>
			<exclude org="net.java.dev.jets3t" module="jets3t" name="*" type="*" ext="*" conf="" matcher="exact"/>
			<exclude org="commons-beanutils" module="commons-beanutils-core" name="*" type="*" ext="*" conf="" matcher="exact"/>
			<exclude org="commons-daemon" module="commons-daemon" name="*" type="*" ext="*" conf="" matcher="exact"/>
			<exclude org="commons-digester" module="commons-digester" name="*" type="*" ext="*" conf="" matcher="exact"/>
			<exclude org="commons-el" module="commons-el" name="*" type="*" ext="*" conf="" matcher="exact"/>
			<exclude org="com.google.code.findbugs" module="jsr305" name="*" type="*" ext="*" conf="" matcher="exact"/>
			<exclude org="com.sun.jersey" module="jersey-json" name="*" type="*" ext="*" conf="" matcher="exact"/>
		</dependency>
		<dependency org="org.apache.hadoop" name="hadoop-hdfs" rev="2.2.0" force="true" conf="compile->compile(*),master(compile);runtime->runtime(*)">
			<exclude org="org.mortbay.jetty" module="jetty-util" name="*" type="*" ext="*" conf="" matcher="exact"/>
			<exclude org="tomcat" module="jasper-runtime" name="*" type="*" ext="*" conf="" matcher="exact"/>
			<exclude org="com.google.code.findbugs" module="jsr305" name="*" type="*" ext="*" conf="" matcher="exact"/>
			<exclude org="commons-daemon" module="commons-daemon" name="*" type="*" ext="*" conf="" matcher="exact"/>
			<exclude org="io.netty" module="netty" name="*" type="*" ext="*" conf="" matcher="exact"/>
			<exclude org="javax.servlet" module="servlet-api" name="*" type="*" ext="*" conf="" matcher="exact"/>
			<exclude org="javax.servlet.jsp" module="jsp-api" name="*" type="*" ext="*" conf="" matcher="exact"/>
			<exclude org="org.apache.avro" module="avro" name="*" type="*" ext="*" conf="" matcher="exact"/>
			<exclude org="org.fusesource.leveldbjni" module="leveldbjni-all" name="*" type="*" ext="*" conf="" matcher="exact"/>
			<exclude org="org.mortbay.jetty" module="jetty" name="*" type="*" ext="*" conf="" matcher="exact"/>
			<exclude org="xerces" module="xercesImpl" name="*" type="*" ext="*" conf="" matcher="exact"/>
		</dependency>
		<dependency org="org.apache.hive" name="hive-storage-api" rev="2.6.0" force="true" conf="compile->compile(*),master(compile);runtime->runtime(*)">
			<exclude org="org.apache.hadoop" module="hadoop-hdfs" name="*" type="*" ext="*" conf="" matcher="exact"/>
		</dependency>
		<dependency org="org.slf4j" name="slf4j-api" rev="1.7.5" force="true" conf="compile->compile(*),master(compile);runtime->runtime(*)"/>
		<dependency org="com.google.guava" name="guava" rev="11.0.2" force="true" conf="test->runtime(*),master(compile)"/>
		<dependency org="junit" name="junit" rev="4.11" force="true" conf="test->runtime(*),master(compile)"/>
		<dependency org="org.hamcrest" name="hamcrest-core" rev="1.3" force="true" conf="test->runtime(*),master(compile)"/>
		<dependency org="org.mockito" name="mockito-core" rev="1.9.5" force="true" conf="test->runtime(*),master(compile)"/>
	</dependencies>
</ivy-module>
