<?xml version="1.0" encoding="UTF-8"?>
<ivy-module version="2.0" xmlns:m="http://ant.apache.org/ivy/maven">
	<info organisation="org.scala-sbt"
		module="main_2.12"
		revision="1.2.8"
		status="release"
		publication="20181229062810"
	>
		<license name="BSD New" url="https://github.com/sbt/sbt/blob/0.13/LICENSE" />
		<description homepage="https://github.com/sbt/sbt">
		sbt is an interactive build tool
		</description>
	</info>
	<configurations>
		<conf name="default" visibility="public" description="runtime dependencies and master artifact can be used with this conf" extends="runtime,master"/>
		<conf name="master" visibility="public" description="contains only the artifact published by this module itself, with no transitive dependencies"/>
		<conf name="compile" visibility="public" description="this is the default scope, used if none is specified. Compile dependencies are available in all classpaths."/>
		<conf name="provided" visibility="public" description="this is much like compile, but indicates you expect the JDK or a container to provide it. It is only available on the compilation classpath, and is not transitive."/>
		<conf name="runtime" visibility="public" description="this scope indicates that the dependency is not required for compilation, but is for execution. It is in the runtime and test classpaths, but not the compile classpath." extends="compile"/>
		<conf name="test" visibility="private" description="this scope indicates that the dependency is not required for normal use of the application, and is only available for the test compilation and execution phases." extends="runtime"/>
		<conf name="system" visibility="public" description="this scope is similar to provided except that you have to provide the JAR which contains it explicitly. The artifact is always available and is not looked up in a repository."/>
		<conf name="sources" visibility="public" description="this configuration contains the source artifact of this module, if any."/>
		<conf name="javadoc" visibility="public" description="this configuration contains the javadoc artifact of this module, if any."/>
		<conf name="optional" visibility="public" description="contains all optional dependencies"/>
	</configurations>
	<publications>
		<artifact name="main_2.12" type="jar" ext="jar" conf="master"/>
	</publications>
	<dependencies>
		<dependency org="org.scala-lang" name="scala-library" rev="2.12.7" force="true" conf="compile->compile(*),master(*);runtime->runtime(*)"/>
		<dependency org="org.scala-sbt" name="logic_2.12" rev="1.2.8" force="true" conf="compile->compile(*),master(*);runtime->runtime(*)"/>
		<dependency org="org.scala-sbt" name="actions_2.12" rev="1.2.8" force="true" conf="compile->compile(*),master(*);runtime->runtime(*)"/>
		<dependency org="org.scala-sbt" name="main-settings_2.12" rev="1.2.8" force="true" conf="compile->compile(*),master(*);runtime->runtime(*)"/>
		<dependency org="org.scala-sbt" name="run_2.12" rev="1.2.8" force="true" conf="compile->compile(*),master(*);runtime->runtime(*)"/>
		<dependency org="org.scala-sbt" name="command_2.12" rev="1.2.8" force="true" conf="compile->compile(*),master(*);runtime->runtime(*)"/>
		<dependency org="org.scala-sbt" name="collections_2.12" rev="1.2.8" force="true" conf="compile->compile(*),master(*);runtime->runtime(*)"/>
		<dependency org="org.scala-sbt" name="scripted-sbt-redux_2.12" rev="1.2.8" force="true" conf="compile->compile(*),master(*);runtime->runtime(*)"/>
		<dependency org="org.scala-sbt" name="scripted-plugin_2.12" rev="1.2.8" force="true" conf="compile->compile(*),master(*);runtime->runtime(*)"/>
		<dependency org="org.scalacheck" name="scalacheck_2.12" rev="1.13.4" force="true" conf="test->runtime(*),master(*)"/>
		<dependency org="org.specs2" name="specs2-junit_2.12" rev="4.0.1" force="true" conf="test->runtime(*),master(*)"/>
		<dependency org="junit" name="junit" rev="4.11" force="true" conf="test->runtime(*),master(*)"/>
		<dependency org="org.scalatest" name="scalatest_2.12" rev="3.0.6-SNAP5" force="true" conf="test->runtime(*),master(*)"/>
		<dependency org="org.scala-lang.modules" name="scala-xml_2.12" rev="1.0.6" force="true" conf="compile->compile(*),master(*);runtime->runtime(*)"/>
		<dependency org="org.scala-sbt" name="launcher-interface" rev="1.0.4" force="true" conf="compile->compile(*),master(*);runtime->runtime(*)"/>
		<dependency org="org.apache.logging.log4j" name="log4j-api" rev="2.11.1" force="true" conf="compile->compile(*),master(*);runtime->runtime(*)"/>
		<dependency org="org.apache.logging.log4j" name="log4j-core" rev="2.11.1" force="true" conf="compile->compile(*),master(*);runtime->runtime(*)"/>
		<dependency org="org.apache.logging.log4j" name="log4j-slf4j-impl" rev="2.11.1" force="true" conf="compile->compile(*),master(*);runtime->runtime(*)"/>
		<dependency org="com.github.cb372" name="scalacache-caffeine_2.12" rev="0.20.0" force="true" conf="compile->compile(*),master(*);runtime->runtime(*)"/>
		<dependency org="org.scala-sbt" name="io_2.12" rev="1.2.2" force="true" conf="compile->compile(*),master(*);runtime->runtime(*)"/>
		<dependency org="org.scala-sbt" name="util-logging_2.12" rev="1.2.4" force="true" conf="compile->compile(*),master(*);runtime->runtime(*)"/>
		<dependency org="org.scala-sbt" name="librarymanagement-core_2.12" rev="1.2.4" force="true" conf="compile->compile(*),master(*);runtime->runtime(*)"/>
		<dependency org="org.scala-sbt" name="librarymanagement-ivy_2.12" rev="1.2.4" force="true" conf="compile->compile(*),master(*);runtime->runtime(*)"/>
		<dependency org="org.scala-sbt" name="compiler-interface" rev="1.2.5" force="true" conf="compile->compile(*),master(*);runtime->runtime(*)"/>
		<dependency org="org.scala-sbt" name="zinc-compile_2.12" rev="1.2.5" force="true" conf="compile->compile(*),master(*);runtime->runtime(*)"/>
	</dependencies>
</ivy-module>
