<?xml version="1.0" encoding="UTF-8"?>
<ivy-module version="2.0" xmlns:m="http://ant.apache.org/ivy/maven" xmlns:e="http://ant.apache.org/ivy/extra">
	<info organisation="org.glassfish.hk2"
		module="osgi-resource-locator"
		revision="1.0.1"
		status="release"
		publication="20110113150008"
	>
		<license name="CDDL + GPLv2 with classpath exception" url="https://glassfish.dev.java.net/nonav/public/CDDL+GPL.html" />
		<description homepage="">
		See http://wiki.glassfish.java.net/Wiki.jsp?page=JdkSpiOsgi for more information
		</description>
		<m:properties__java.net.username>${user.name}</m:properties__java.net.username>
		<e:sbtTransformHash>75de4642208ca27fc849d39814ad5323a8a82a68</e:sbtTransformHash>
		<m:maven.plugins>null__maven-compiler-plugin__null|null__maven-compiler-plugin__null|org.apache.maven.plugins__maven-jar-plugin__null|org.apache.felix__maven-bundle-plugin__2.1.0</m:maven.plugins>
	</info>
	<configurations>
		<conf name="default" visibility="public" description="runtime dependencies and master artifact can be used with this conf" extends="runtime,master"/>
		<conf name="master" visibility="public" description="contains only the artifact published by this module itself, with no transitive dependencies"/>
		<conf name="compile" visibility="public" description="this is the default scope, used if none is specified. Compile dependencies are available in all classpaths."/>
		<conf name="provided" visibility="public" description="this is much like compile, but indicates you expect the JDK or a container to provide it. It is only available on the compilation classpath, and is not transitive."/>
		<conf name="runtime" visibility="public" description="this scope indicates that the dependency is not required for compilation, but is for execution. It is in the runtime and test classpaths, but not the compile classpath." extends="compile"/>
		<conf name="test" visibility="private" description="this scope indicates that the dependency is not required for normal use of the application, and is only available for the test compilation and execution phases." extends="runtime"/>
		<conf name="system" visibility="public" description="this scope is similar to provided except that you have to provide the JAR which contains it explicitly. The artifact is always available and is not looked up in a repository."/>
		<conf name="sources" visibility="public" description="this configuration contains the source artifact of this module, if any."/>
		<conf name="javadoc" visibility="public" description="this configuration contains the javadoc artifact of this module, if any."/>
		<conf name="optional" visibility="public" description="contains all optional dependencies"/>
	</configurations>
	<publications>
		<artifact name="osgi-resource-locator" type="jar" ext="jar" conf="master"/>
	</publications>
	<dependencies>
		<dependency org="org.osgi" name="org.osgi.core" rev="4.2.0" force="true" conf="provided->compile(*),provided(*),runtime(*),master(compile)"/>
		<dependency org="org.osgi" name="org.osgi.compendium" rev="4.2.0" force="true" conf="provided->compile(*),provided(*),runtime(*),master(compile)"/>
	</dependencies>
</ivy-module>
