<?xml version="1.0" encoding="UTF-8"?>
<ivy-module version="2.0" xmlns:m="http://ant.apache.org/ivy/maven" xmlns:e="http://ant.apache.org/ivy/extra">
	<info organisation="org.xerial.sbt"
		module="sbt-pack"
		revision="0.12"
		status="release"
		publication="20190111220326"
		e:sbtVersion="1.0" e:scalaVersion="2.12"
	>
		<license name="Apache 2" url="http://www.apache.org/licenses/LICENSE-2.0.txt" />
		<description homepage="http://xerial.org/">
		A sbt plugin for packaging distributable Scala code
		</description>
		<m:properties__sbtVersion>1.0</m:properties__sbtVersion>
		<m:properties__scalaVersion>2.12</m:properties__scalaVersion>
		<e:sbtTransformHash>876843eab6e61e73f0870894d5dfe07d8437851f</e:sbtTransformHash>
	</info>
	<configurations>
		<conf name="default" visibility="public" description="runtime dependencies and master artifact can be used with this conf" extends="runtime,master"/>
		<conf name="master" visibility="public" description="contains only the artifact published by this module itself, with no transitive dependencies"/>
		<conf name="compile" visibility="public" description="this is the default scope, used if none is specified. Compile dependencies are available in all classpaths."/>
		<conf name="provided" visibility="public" description="this is much like compile, but indicates you expect the JDK or a container to provide it. It is only available on the compilation classpath, and is not transitive."/>
		<conf name="runtime" visibility="public" description="this scope indicates that the dependency is not required for compilation, but is for execution. It is in the runtime and test classpaths, but not the compile classpath." extends="compile"/>
		<conf name="test" visibility="private" description="this scope indicates that the dependency is not required for normal use of the application, and is only available for the test compilation and execution phases." extends="runtime"/>
		<conf name="system" visibility="public" description="this scope is similar to provided except that you have to provide the JAR which contains it explicitly. The artifact is always available and is not looked up in a repository."/>
		<conf name="sources" visibility="public" description="this configuration contains the source artifact of this module, if any."/>
		<conf name="javadoc" visibility="public" description="this configuration contains the javadoc artifact of this module, if any."/>
		<conf name="optional" visibility="public" description="contains all optional dependencies"/>
	</configurations>
	<publications>
		<artifact name="sbt-pack" type="jar" ext="jar" conf="master"/>
	</publications>
	<dependencies>
		<dependency org="org.scala-lang" name="scala-library" rev="2.12.6" force="true" conf="provided->compile(*),provided(*),runtime(*),master(compile)"/>
		<dependency org="org.scala-sbt" name="sbt" rev="1.2.8" force="true" conf="provided->compile(*),provided(*),runtime(*),master(compile)"/>
		<dependency org="com.typesafe.play" name="twirl-api_2.12" rev="1.3.13" force="true" conf="compile->compile(*),master(compile);runtime->runtime(*)"/>
		<dependency org="org.scalatra.scalate" name="scalate-core_2.12" rev="1.8.0" force="true" conf="compile->compile(*),master(compile);runtime->runtime(*)"/>
		<dependency org="org.apache.commons" name="commons-compress" rev="1.9" force="true" conf="compile->compile(*),master(compile);runtime->runtime(*)"/>
		<dependency org="org.tukaani" name="xz" rev="1.5" force="true" conf="compile->compile(*),master(compile);runtime->runtime(*)"/>
		<dependency org="org.slf4j" name="slf4j-simple" rev="1.7.5" force="true" conf="compile->compile(*),master(compile);runtime->runtime(*)"/>
		<dependency org="org.specs2" name="specs2-core_2.12" rev="3.9.2" force="true" conf="test->runtime(*),master(compile)"/>
	</dependencies>
</ivy-module>
