<?xml version="1.0" encoding="UTF-8"?>
<ivy-module version="2.0" xmlns:m="http://ant.apache.org/ivy/maven" xmlns:e="http://ant.apache.org/ivy/extra">
	<info organisation="com.google.guava"
		module="guava-parent"
		revision="16.0.1"
		status="release"
		publication="20140203224456"
	>
		<license name="The Apache Software License, Version 2.0" url="http://www.apache.org/licenses/LICENSE-2.0.txt" />
		<description homepage="http://code.google.com/p/guava-libraries" />
		<m:dependency.management__junit__junit__version>4.8.2</m:dependency.management__junit__junit__version>
		<m:dependency.management__org.truth0__truth__version>0.13</m:dependency.management__org.truth0__truth__version>
		<m:properties__truth.version>0.13</m:properties__truth.version>
		<m:properties__test.include>**/*Test.java</m:properties__test.include>
		<m:dependency.management__com.google.caliper__caliper__exclusion_0>com.google.guava__guava</m:dependency.management__com.google.caliper__caliper__exclusion_0>
		<m:dependency.management__org.mockito__mockito-core__version>1.8.5</m:dependency.management__org.mockito__mockito-core__version>
		<m:properties__gpg.skip>true</m:properties__gpg.skip>
		<m:properties__project.build.sourceEncoding>UTF-8</m:properties__project.build.sourceEncoding>
		<m:dependency.management__org.easymock__easymock__scope>test</m:dependency.management__org.easymock__easymock__scope>
		<m:dependency.management__javax.inject__javax.inject__version>1</m:dependency.management__javax.inject__javax.inject__version>
		<m:dependency.management__org.truth0__truth__exclusion_0>com.google.guava__guava</m:dependency.management__org.truth0__truth__exclusion_0>
		<m:dependency.management__org.easymock__easymock__version>3.0</m:dependency.management__org.easymock__easymock__version>
		<m:dependency.management__com.google.caliper__caliper__version>0.5-rc1</m:dependency.management__com.google.caliper__caliper__version>
		<e:sbtTransformHash>8df65e1333661a50d7ba28d0ba9098a94103032a</e:sbtTransformHash>
		<m:dependency.management__org.mockito__mockito-core__scope>test</m:dependency.management__org.mockito__mockito-core__scope>
		<m:properties__sonatypeOssDistMgmtSnapshotsUrl>https://oss.sonatype.org/content/repositories/snapshots/</m:properties__sonatypeOssDistMgmtSnapshotsUrl>
		<m:maven.plugins>org.apache.maven.plugins__maven-enforcer-plugin__1.0|org.apache.maven.plugins__maven-enforcer-plugin__1.0|null__maven-gpg-plugin__1.4</m:maven.plugins>
		<m:dependency.management__com.google.code.findbugs__jsr305__version>1.3.9</m:dependency.management__com.google.code.findbugs__jsr305__version>
		<m:dependency.management__org.truth0__truth__scope>test</m:dependency.management__org.truth0__truth__scope>
		<m:dependency.management__com.google.caliper__caliper__scope>test</m:dependency.management__com.google.caliper__caliper__scope>
		<m:dependency.management__junit__junit__scope>test</m:dependency.management__junit__junit__scope>
	</info>
	<configurations>
		<conf name="default" visibility="public" description="runtime dependencies and master artifact can be used with this conf" extends="runtime,master"/>
		<conf name="master" visibility="public" description="contains only the artifact published by this module itself, with no transitive dependencies"/>
		<conf name="compile" visibility="public" description="this is the default scope, used if none is specified. Compile dependencies are available in all classpaths."/>
		<conf name="provided" visibility="public" description="this is much like compile, but indicates you expect the JDK or a container to provide it. It is only available on the compilation classpath, and is not transitive."/>
		<conf name="runtime" visibility="public" description="this scope indicates that the dependency is not required for compilation, but is for execution. It is in the runtime and test classpaths, but not the compile classpath." extends="compile"/>
		<conf name="test" visibility="private" description="this scope indicates that the dependency is not required for normal use of the application, and is only available for the test compilation and execution phases." extends="runtime"/>
		<conf name="system" visibility="public" description="this scope is similar to provided except that you have to provide the JAR which contains it explicitly. The artifact is always available and is not looked up in a repository."/>
		<conf name="sources" visibility="public" description="this configuration contains the source artifact of this module, if any."/>
		<conf name="javadoc" visibility="public" description="this configuration contains the javadoc artifact of this module, if any."/>
		<conf name="optional" visibility="public" description="contains all optional dependencies"/>
	</configurations>
	<publications>
	</publications>
</ivy-module>
