<?xml version="1.0" encoding="UTF-8"?>
<ivy-module version="2.0" xmlns:m="http://ant.apache.org/ivy/maven" xmlns:e="http://ant.apache.org/ivy/extra">
	<info organisation="org.xerial.snappy"
		module="snappy-java"
		revision="1.1.7.1"
		status="release"
		publication="20171207195110"
	>
		<license name="The Apache Software License, Version 2.0" url="http://www.apache.org/licenses/LICENSE-2.0.txt" />
		<description homepage="https://github.com/xerial/snappy-java">
		snappy-java: A fast compression/decompression library
		</description>
		<e:sbtTransformHash>240ae14a4b55299b09413533c9715a451eed77f4</e:sbtTransformHash>
	</info>
	<configurations>
		<conf name="default" visibility="public" description="runtime dependencies and master artifact can be used with this conf" extends="runtime,master"/>
		<conf name="master" visibility="public" description="contains only the artifact published by this module itself, with no transitive dependencies"/>
		<conf name="compile" visibility="public" description="this is the default scope, used if none is specified. Compile dependencies are available in all classpaths."/>
		<conf name="provided" visibility="public" description="this is much like compile, but indicates you expect the JDK or a container to provide it. It is only available on the compilation classpath, and is not transitive."/>
		<conf name="runtime" visibility="public" description="this scope indicates that the dependency is not required for compilation, but is for execution. It is in the runtime and test classpaths, but not the compile classpath." extends="compile"/>
		<conf name="test" visibility="private" description="this scope indicates that the dependency is not required for normal use of the application, and is only available for the test compilation and execution phases." extends="runtime"/>
		<conf name="system" visibility="public" description="this scope is similar to provided except that you have to provide the JAR which contains it explicitly. The artifact is always available and is not looked up in a repository."/>
		<conf name="sources" visibility="public" description="this configuration contains the source artifact of this module, if any."/>
		<conf name="javadoc" visibility="public" description="this configuration contains the javadoc artifact of this module, if any."/>
		<conf name="optional" visibility="public" description="contains all optional dependencies"/>
	</configurations>
	<publications>
		<artifact name="snappy-java" type="jar" ext="jar" conf="master"/>
	</publications>
	<dependencies>
		<dependency org="org.jacoco" name="org.jacoco.agent" rev="0.7.9" force="true" conf="test->runtime(*),master(compile)">
			<artifact name="org.jacoco.agent" type="jar" ext="jar" conf="" m:classifier="runtime"/>
		</dependency>
		<dependency org="junit" name="junit" rev="4.8.2" force="true" conf="test->runtime(*),master(compile)"/>
		<dependency org="org.codehaus.plexus" name="plexus-classworlds" rev="2.4" force="true" conf="test->runtime(*),master(compile)"/>
		<dependency org="org.xerial.java" name="xerial-core" rev="2.1" force="true" conf="test->runtime(*),master(compile)"/>
		<dependency org="org.wvlet.airframe" name="airframe-log_2.12" rev="0.25" force="true" conf="test->runtime(*),master(compile)"/>
		<dependency org="org.scalatest" name="scalatest_2.12" rev="3.0.4" force="true" conf="test->runtime(*),master(compile)"/>
		<dependency org="org.osgi" name="org.osgi.core" rev="4.3.0" force="true" conf="provided->compile(*),provided(*),runtime(*),master(compile)"/>
		<dependency org="com.novocode" name="junit-interface" rev="0.11" force="true" conf="test->runtime(*),master(compile)"/>
		<dependency org="org.apache.hadoop" name="hadoop-common" rev="2.7.3" force="true" conf="test->runtime(*),master(compile)">
			<exclude org="org.xerial.snappy" module="snappy-java" name="*" type="*" ext="*" conf="" matcher="exact"/>
		</dependency>
	</dependencies>
</ivy-module>
