<?xml version="1.0" encoding="UTF-8"?>
<ivy-module version="2.0" xmlns:m="http://ant.apache.org/ivy/maven" xmlns:e="http://ant.apache.org/ivy/extra">
	<info organisation="org.apache.kafka"
		module="kafka-clients"
		revision="2.0.0"
		status="release"
		publication="20180724144157"
	>
		<license name="The Apache Software License, Version 2.0" url="http://www.apache.org/licenses/LICENSE-2.0.txt" />
		<description homepage="http://kafka.apache.org" />
		<e:sbtTransformHash>50091dd2206e296b685eecc122a47999041d1e21</e:sbtTransformHash>
	</info>
	<configurations>
		<conf name="default" visibility="public" description="runtime dependencies and master artifact can be used with this conf" extends="runtime,master"/>
		<conf name="master" visibility="public" description="contains only the artifact published by this module itself, with no transitive dependencies"/>
		<conf name="compile" visibility="public" description="this is the default scope, used if none is specified. Compile dependencies are available in all classpaths."/>
		<conf name="provided" visibility="public" description="this is much like compile, but indicates you expect the JDK or a container to provide it. It is only available on the compilation classpath, and is not transitive."/>
		<conf name="runtime" visibility="public" description="this scope indicates that the dependency is not required for compilation, but is for execution. It is in the runtime and test classpaths, but not the compile classpath." extends="compile"/>
		<conf name="test" visibility="private" description="this scope indicates that the dependency is not required for normal use of the application, and is only available for the test compilation and execution phases." extends="runtime"/>
		<conf name="system" visibility="public" description="this scope is similar to provided except that you have to provide the JAR which contains it explicitly. The artifact is always available and is not looked up in a repository."/>
		<conf name="sources" visibility="public" description="this configuration contains the source artifact of this module, if any."/>
		<conf name="javadoc" visibility="public" description="this configuration contains the javadoc artifact of this module, if any."/>
		<conf name="optional" visibility="public" description="contains all optional dependencies"/>
	</configurations>
	<publications>
		<artifact name="kafka-clients" type="jar" ext="jar" conf="master"/>
	</publications>
	<dependencies>
		<dependency org="org.lz4" name="lz4-java" rev="1.4.1" force="true" conf="compile->compile(*),master(compile);runtime->runtime(*)"/>
		<dependency org="org.xerial.snappy" name="snappy-java" rev="1.1.7.1" force="true" conf="compile->compile(*),master(compile);runtime->runtime(*)"/>
		<dependency org="org.slf4j" name="slf4j-api" rev="1.7.25" force="true" conf="compile->compile(*),master(compile);runtime->runtime(*)"/>
		<dependency org="com.fasterxml.jackson.core" name="jackson-databind" rev="2.9.6" force="true" conf="provided->compile(*),provided(*),runtime(*),master(compile)"/>
		<dependency org="org.bouncycastle" name="bcpkix-jdk15on" rev="1.59" force="true" conf="test->runtime(*),master(compile)"/>
		<dependency org="junit" name="junit" rev="4.12" force="true" conf="test->runtime(*),master(compile)"/>
		<dependency org="org.easymock" name="easymock" rev="3.6" force="true" conf="test->runtime(*),master(compile)"/>
		<dependency org="org.powermock" name="powermock-module-junit4" rev="2.0.0-beta.5" force="true" conf="test->runtime(*),master(compile)"/>
		<dependency org="org.powermock" name="powermock-api-easymock" rev="2.0.0-beta.5" force="true" conf="test->runtime(*),master(compile)"/>
		<dependency org="org.slf4j" name="slf4j-log4j12" rev="1.7.25" force="true" conf="test->runtime(*),master(compile)"/>
	</dependencies>
</ivy-module>
