<?xml version="1.0" encoding="UTF-8"?>
<ivy-module version="2.0" xmlns:m="http://ant.apache.org/ivy/maven" xmlns:e="http://ant.apache.org/ivy/extra">
	<info organisation="org.apache.hadoop"
		module="hadoop-project"
		revision="2.9.0"
		status="release"
		publication="20171113235303"
	>
		<license name="Apache License, Version 2.0" url="http://www.apache.org/licenses/LICENSE-2.0.txt" />
		<description homepage="">
		Apache Hadoop Project POM
		</description>
		<m:dependency.management__com.fasterxml.jackson.jaxrs__jackson-jaxrs-json-provider__version>2.7.8</m:dependency.management__com.fasterxml.jackson.jaxrs__jackson-jaxrs-json-provider__version>
		<m:dependency.management__org.apache.hadoop__hadoop-aws__version>2.9.0</m:dependency.management__org.apache.hadoop__hadoop-aws__version>
		<m:properties__maven.test.redirectTestOutputToFile>true</m:properties__maven.test.redirectTestOutputToFile>
		<m:properties__testsThreadCount>4</m:properties__testsThreadCount>
		<m:dependency.management__org.apache.hadoop__hadoop-hdfs__version>2.9.0</m:dependency.management__org.apache.hadoop__hadoop-hdfs__version>
		<m:dependency.management__org.apache.hbase__hbase-testing-util__version>1.2.6</m:dependency.management__org.apache.hbase__hbase-testing-util__version>
		<m:dependency.management__com.jcraft__jsch__version>0.1.54</m:dependency.management__com.jcraft__jsch__version>
		<m:properties__xerces.jdiff.version>2.11.0</m:properties__xerces.jdiff.version>
		<m:dependency.management__org.apache.hadoop__hadoop-assemblies__version>2.9.0</m:dependency.management__org.apache.hadoop__hadoop-assemblies__version>
		<m:dependency.management__org.apache.hadoop__hadoop-ant__version>2.9.0</m:dependency.management__org.apache.hadoop__hadoop-ant__version>
		<m:properties__findbugs.version>3.0.0</m:properties__findbugs.version>
		<m:dependency.management__org.apache.ftpserver__ftpserver-deprecated__version>1.0.0-M2</m:dependency.management__org.apache.ftpserver__ftpserver-deprecated__version>
		<m:dependency.management__io.netty__netty-all__version>4.0.23.Final</m:dependency.management__io.netty__netty-all__version>
		<m:dependency.management__org.codehaus.jackson__jackson-xc__version>1.9.13</m:dependency.management__org.codehaus.jackson__jackson-xc__version>
		<m:properties__maven-checkstyle-plugin.version>2.15</m:properties__maven-checkstyle-plugin.version>
		<m:dependency.management__commons-logging__commons-logging__version>1.1.3</m:dependency.management__commons-logging__commons-logging__version>
		<m:dependency.management__org.apache.hadoop__hadoop-yarn-server-resourcemanager__version>2.9.0</m:dependency.management__org.apache.hadoop__hadoop-yarn-server-resourcemanager__version>
		<m:dependency.management__org.apache.tomcat.embed__tomcat-embed-core__version>7.0.55</m:dependency.management__org.apache.tomcat.embed__tomcat-embed-core__version>
		<m:dependency.management__org.apache.curator__curator-framework__version>2.7.1</m:dependency.management__org.apache.curator__curator-framework__version>
		<m:properties__hbase-compatible-hadoop.version>2.5.1</m:properties__hbase-compatible-hadoop.version>
		<m:properties__build-helper-maven-plugin.version>1.9</m:properties__build-helper-maven-plugin.version>
		<m:properties__commons-daemon.version>1.0.13</m:properties__commons-daemon.version>
		<m:dependency.management__org.bouncycastle__bcprov-jdk16__scope>test</m:dependency.management__org.bouncycastle__bcprov-jdk16__scope>
		<m:dependency.management__com.zaxxer__HikariCP-java7__version>2.4.12</m:dependency.management__com.zaxxer__HikariCP-java7__version>
		<m:dependency.management__org.apache.commons__commons-csv__version>1.0</m:dependency.management__org.apache.commons__commons-csv__version>
		<m:dependency.management__org.apache.hbase__hbase-common__version>1.2.6</m:dependency.management__org.apache.hbase__hbase-common__version>
		<m:dependency.management__com.google.code.gson__gson__version>2.2.4</m:dependency.management__com.google.code.gson__gson__version>
		<m:properties__native-maven-plugin.version>1.0-alpha-8</m:properties__native-maven-plugin.version>
		<m:dependency.management__org.apache.zookeeper__zookeeper__exclusion_3>org.jboss.netty__netty</m:dependency.management__org.apache.zookeeper__zookeeper__exclusion_3>
		<m:properties__maven-clover2-plugin.version>3.3.0</m:properties__maven-clover2-plugin.version>
		<m:dependency.management__org.apache.zookeeper__zookeeper__exclusion_2>com.sun.jmx__jmxri</m:dependency.management__org.apache.zookeeper__zookeeper__exclusion_2>
		<m:properties__make-maven-plugin.version>1.0-beta-1</m:properties__make-maven-plugin.version>
		<m:dependency.management__org.apache.zookeeper__zookeeper__exclusion_1>jline__jline</m:dependency.management__org.apache.zookeeper__zookeeper__exclusion_1>
		<m:dependency.management__org.apache.zookeeper__zookeeper__exclusion_0>org.jboss.netty__netty</m:dependency.management__org.apache.zookeeper__zookeeper__exclusion_0>
		<m:properties__mssql.version>6.2.1.jre7</m:properties__mssql.version>
		<m:dependency.management__org.apache.hbase__hbase-common__scope>test</m:dependency.management__org.apache.hbase__hbase-common__scope>
		<m:dependency.management__org.apache.hadoop__hadoop-yarn-server-web-proxy__version>2.9.0</m:dependency.management__org.apache.hadoop__hadoop-yarn-server-web-proxy__version>
		<m:dependency.management__org.apache.ftpserver__ftplet-api__version>1.0.0</m:dependency.management__org.apache.ftpserver__ftplet-api__version>
		<m:dependency.management__com.fasterxml.woodstox__woodstox-core__version>5.0.3</m:dependency.management__com.fasterxml.woodstox__woodstox-core__version>
		<m:properties__zookeeper.version>3.4.6</m:properties__zookeeper.version>
		<m:properties__release-year>2017</m:properties__release-year>
		<m:properties__test.build.data>${test.build.dir}</m:properties__test.build.data>
		<m:dependency.management__commons-logging__commons-logging__exclusion_1>logkit__logkit</m:dependency.management__commons-logging__commons-logging__exclusion_1>
		<m:dependency.management__commons-logging__commons-logging__exclusion_0>avalon-framework__avalon-framework</m:dependency.management__commons-logging__commons-logging__exclusion_0>
		<m:dependency.management__org.apache.hadoop__hadoop-nfs__version>2.9.0</m:dependency.management__org.apache.hadoop__hadoop-nfs__version>
		<m:dependency.management__org.apache.hadoop__hadoop-minicluster__version>2.9.0</m:dependency.management__org.apache.hadoop__hadoop-minicluster__version>
		<m:dependency.management__org.codehaus.plexus__plexus-utils__version>2.0.5</m:dependency.management__org.codehaus.plexus__plexus-utils__version>
		<m:dependency.management__commons-logging__commons-logging__exclusion_2>javax.servlet__servlet-api</m:dependency.management__commons-logging__commons-logging__exclusion_2>
		<m:properties__kafka.version>0.8.2.1</m:properties__kafka.version>
		<m:dependency.management__com.sun.jersey.jersey-test-framework__jersey-test-framework-core__scope>test</m:dependency.management__com.sun.jersey.jersey-test-framework__jersey-test-framework-core__scope>
		<m:dependency.management__org.apache.hadoop__hadoop-common__version>2.9.0</m:dependency.management__org.apache.hadoop__hadoop-common__version>
		<m:properties__maven-site-plugin.version>3.5</m:properties__maven-site-plugin.version>
		<m:dependency.management__com.google.guava__guava__version>11.0.2</m:dependency.management__com.google.guava__guava__version>
		<m:properties__avro.version>1.7.7</m:properties__avro.version>
		<m:dependency.management__org.apache.hadoop__hadoop-yarn-server-timeline-pluginstorage__version>2.9.0</m:dependency.management__org.apache.hadoop__hadoop-yarn-server-timeline-pluginstorage__version>
		<m:properties__maven-install-plugin.version>2.5.1</m:properties__maven-install-plugin.version>
		<m:dependency.management__com.sun.jersey.jersey-test-framework__jersey-test-framework-core__version>1.9</m:dependency.management__com.sun.jersey.jersey-test-framework__jersey-test-framework-core__version>
		<m:properties__curator.version>2.7.1</m:properties__curator.version>
		<m:dependency.management__org.apache.hbase__hbase-server__scope>test</m:dependency.management__org.apache.hbase__hbase-server__scope>
		<m:dependency.management__org.apache.bookkeeper__bookkeeper-server__scope>compile</m:dependency.management__org.apache.bookkeeper__bookkeeper-server__scope>
		<m:dependency.management__org.apache.hadoop__hadoop-minikdc__version>2.9.0</m:dependency.management__org.apache.hadoop__hadoop-minikdc__version>
		<m:dependency.management__org.mockito__mockito-all__version>1.8.5</m:dependency.management__org.mockito__mockito-all__version>
		<m:dependency.management__org.mock-server__mockserver-netty__exclusion_0>javax.servlet__javax.servlet-api</m:dependency.management__org.mock-server__mockserver-netty__exclusion_0>
		<m:properties__hbase.version>1.2.6</m:properties__hbase.version>
		<m:dependency.management__org.hsqldb__hsqldb__version>2.3.4</m:dependency.management__org.hsqldb__hsqldb__version>
		<m:dependency.management__com.squareup.okhttp3__mockwebserver__version>3.7.0</m:dependency.management__com.squareup.okhttp3__mockwebserver__version>
		<m:dependency.management__org.apache.httpcomponents__httpclient__version>4.5.2</m:dependency.management__org.apache.httpcomponents__httpclient__version>
		<m:properties__maven-surefire-plugin.argLine>-Xmx2048m -XX:MaxPermSize=768m -XX:+HeapDumpOnOutOfMemoryError</m:properties__maven-surefire-plugin.argLine>
		<m:dependency.management__com.nimbusds__nimbus-jose-jwt__version>3.9</m:dependency.management__com.nimbusds__nimbus-jose-jwt__version>
		<m:dependency.management__org.ojalgo__ojalgo__version>43.0</m:dependency.management__org.ojalgo__ojalgo__version>
		<m:dependency.management__org.apache.ant__ant__version>1.8.1</m:dependency.management__org.apache.ant__ant__version>
		<m:dependency.management__org.apache.commons__commons-compress__version>1.4.1</m:dependency.management__org.apache.commons__commons-compress__version>
		<m:dependency.management__com.google.re2j__re2j__version>${re2j.version}</m:dependency.management__com.google.re2j__re2j__version>
		<m:dependency.management__commons-cli__commons-cli__version>1.2</m:dependency.management__commons-cli__commons-cli__version>
		<m:dependency.management__org.slf4j__slf4j-api__version>1.7.25</m:dependency.management__org.slf4j__slf4j-api__version>
		<m:dependency.management__org.slf4j__slf4j-log4j12__version>1.7.25</m:dependency.management__org.slf4j__slf4j-log4j12__version>
		<m:dependency.management__org.apache.hadoop__hadoop-auth__version>2.9.0</m:dependency.management__org.apache.hadoop__hadoop-auth__version>
		<m:dependency.management__org.apache.commons__commons-lang3__version>3.4</m:dependency.management__org.apache.commons__commons-lang3__version>
		<m:dependency.management__org.apache.avro__avro__version>1.7.7</m:dependency.management__org.apache.avro__avro__version>
		<m:properties__slf4j.version>1.7.25</m:properties__slf4j.version>
		<m:dependency.management__org.skyscreamer__jsonassert__version>1.3.0</m:dependency.management__org.skyscreamer__jsonassert__version>
		<m:dependency.management__org.apache.hadoop__hadoop-yarn-server-timelineservice-hbase__version>2.9.0</m:dependency.management__org.apache.hadoop__hadoop-yarn-server-timelineservice-hbase__version>
		<m:properties__maven-gpg-plugin.version>1.5</m:properties__maven-gpg-plugin.version>
		<m:dependency.management__org.apache.hadoop__hadoop-yarn-common__version>2.9.0</m:dependency.management__org.apache.hadoop__hadoop-yarn-common__version>
		<m:dependency.management__org.apache.hadoop__hadoop-openstack__version>2.9.0</m:dependency.management__org.apache.hadoop__hadoop-openstack__version>
		<m:properties__maven-jar-plugin.version>2.5</m:properties__maven-jar-plugin.version>
		<m:dependency.management__com.fasterxml.jackson.core__jackson-annotations__version>2.7.8</m:dependency.management__com.fasterxml.jackson.core__jackson-annotations__version>
		<m:dependency.management__org.codehaus.jettison__jettison__version>1.1</m:dependency.management__org.codehaus.jettison__jettison__version>
		<m:properties__protobuf.version>2.5.0</m:properties__protobuf.version>
		<m:properties__joda-time.version>2.9.4</m:properties__joda-time.version>
		<m:dependency.management__org.codehaus.jackson__jackson-core-asl__version>1.9.13</m:dependency.management__org.codehaus.jackson__jackson-core-asl__version>
		<m:dependency.management__com.fasterxml.jackson.core__jackson-databind__version>2.7.8</m:dependency.management__com.fasterxml.jackson.core__jackson-databind__version>
		<m:dependency.management__org.apache.hadoop__hadoop-distcp__version>2.9.0</m:dependency.management__org.apache.hadoop__hadoop-distcp__version>
		<m:dependency.management__com.amazonaws__aws-java-sdk-bundle__version>1.11.199</m:dependency.management__com.amazonaws__aws-java-sdk-bundle__version>
		<m:dependency.management__com.googlecode.json-simple__json-simple__version>1.1</m:dependency.management__com.googlecode.json-simple__json-simple__version>
		<m:dependency.management__org.codehaus.plexus__plexus-component-annotations__version>1.5.5</m:dependency.management__org.codehaus.plexus__plexus-component-annotations__version>
		<m:dependency.management__org.apache.httpcomponents__httpcore__version>4.4.4</m:dependency.management__org.apache.httpcomponents__httpcore__version>
		<m:dependency.management__com.google.inject.extensions__guice-servlet__version>3.0</m:dependency.management__com.google.inject.extensions__guice-servlet__version>
		<m:properties__jcache.version>1.0-alpha-1</m:properties__jcache.version>
		<m:properties__jetty.version>6.1.26</m:properties__jetty.version>
		<m:dependency.management__net.java.dev.jets3t__jets3t__version>0.9.0</m:dependency.management__net.java.dev.jets3t__jets3t__version>
		<m:dependency.management__org.apache.hbase__hbase-testing-util__scope>test</m:dependency.management__org.apache.hbase__hbase-testing-util__scope>
		<m:dependency.management__com.sun.jersey__jersey-server__version>1.9</m:dependency.management__com.sun.jersey__jersey-server__version>
		<m:properties__apacheds.version>2.0.0-M15</m:properties__apacheds.version>
		<m:properties__apache-rat-plugin.version>0.10</m:properties__apache-rat-plugin.version>
		<m:properties__hadoop.common.build.dir>${basedir}/../../hadoop-common-project/hadoop-common/target</m:properties__hadoop.common.build.dir>
		<m:properties__jackson2.version>2.7.8</m:properties__jackson2.version>
		<m:dependency.management__org.apache.hadoop__hadoop-datajoin__version>2.9.0</m:dependency.management__org.apache.hadoop__hadoop-datajoin__version>
		<m:dependency.management__xmlenc__xmlenc__version>0.52</m:dependency.management__xmlenc__xmlenc__version>
		<m:dependency.management__org.apache.hadoop__hadoop-kms__version>2.9.0</m:dependency.management__org.apache.hadoop__hadoop-kms__version>
		<m:dependency.management__commons-configuration__commons-configuration__version>1.6</m:dependency.management__commons-configuration__commons-configuration__version>
		<m:dependency.management__org.apache.hadoop__hadoop-azure__version>2.9.0</m:dependency.management__org.apache.hadoop__hadoop-azure__version>
		<m:dependency.management__javax.servlet.jsp__jsp-api__version>2.1</m:dependency.management__javax.servlet.jsp__jsp-api__version>
		<m:dependency.management__org.glassfish__javax.servlet__version>3.1</m:dependency.management__org.glassfish__javax.servlet__version>
		<m:dependency.management__org.apache.hadoop__hadoop-archives__version>2.9.0</m:dependency.management__org.apache.hadoop__hadoop-archives__version>
		<m:dependency.management__org.apache.hadoop__hadoop-streaming__version>2.9.0</m:dependency.management__org.apache.hadoop__hadoop-streaming__version>
		<m:dependency.management__com.google.code.findbugs__jsr305__version>3.0.0</m:dependency.management__com.google.code.findbugs__jsr305__version>
		<m:dependency.management__com.fasterxml.jackson.module__jackson-module-jaxb-annotations__version>2.7.8</m:dependency.management__com.fasterxml.jackson.module__jackson-module-jaxb-annotations__version>
		<m:dependency.management__commons-codec__commons-codec__version>1.4</m:dependency.management__commons-codec__commons-codec__version>
		<m:dependency.management__org.apache.curator__curator-recipes__version>2.7.1</m:dependency.management__org.apache.curator__curator-recipes__version>
		<m:dependency.management__com.nimbusds__nimbus-jose-jwt__scope>compile</m:dependency.management__com.nimbusds__nimbus-jose-jwt__scope>
		<m:dependency.management__org.ehcache__ehcache__version>3.3.1</m:dependency.management__org.ehcache__ehcache__version>
		<m:dependency.management__org.apache.hadoop__hadoop-yarn__version>2.9.0</m:dependency.management__org.apache.hadoop__hadoop-yarn__version>
		<m:dependency.management__com.microsoft.azure__azure-storage__version>5.4.0</m:dependency.management__com.microsoft.azure__azure-storage__version>
		<m:properties__maven-surefire-report-plugin.version>${maven-surefire-plugin.version}</m:properties__maven-surefire-report-plugin.version>
		<m:dependency.management__com.fasterxml.jackson.dataformat__jackson-dataformat-cbor__version>2.7.8</m:dependency.management__com.fasterxml.jackson.dataformat__jackson-dataformat-cbor__version>
		<m:dependency.management__org.apache.hadoop__hadoop-gridmix__version>2.9.0</m:dependency.management__org.apache.hadoop__hadoop-gridmix__version>
		<m:dependency.management__org.apache.hadoop__hadoop-mapreduce-client-hs__version>2.9.0</m:dependency.management__org.apache.hadoop__hadoop-mapreduce-client-hs__version>
		<m:dependency.management__org.apache.curator__curator-client__version>2.7.1</m:dependency.management__org.apache.curator__curator-client__version>
		<m:properties__java.security.egd>file:///dev/urandom</m:properties__java.security.egd>
		<m:dependency.management__org.mortbay.jetty__jetty__exclusion_0>org.mortbay.jetty__servlet-api</m:dependency.management__org.mortbay.jetty__jetty__exclusion_0>
		<m:dependency.management__commons-collections__commons-collections__version>3.2.2</m:dependency.management__commons-collections__commons-collections__version>
		<m:properties__maven-javadoc-plugin.version>2.9.1</m:properties__maven-javadoc-plugin.version>
		<m:properties__hadoop.assemblies.version>${project.version}</m:properties__hadoop.assemblies.version>
		<m:properties__maven-assembly-plugin.version>2.4</m:properties__maven-assembly-plugin.version>
		<m:dependency.management__org.mortbay.jetty__jetty-util__version>6.1.26</m:dependency.management__org.mortbay.jetty__jetty-util__version>
		<m:dependency.management__org.apache.commons__commons-math3__version>3.1.1</m:dependency.management__org.apache.commons__commons-math3__version>
		<m:properties__tomcat.version>6.0.48</m:properties__tomcat.version>
		<m:dependency.management__com.google.inject__guice__version>3.0</m:dependency.management__com.google.inject__guice__version>
		<m:dependency.management__com.squareup.okhttp__okhttp__version>2.4.0</m:dependency.management__com.squareup.okhttp__okhttp__version>
		<m:properties__exec-maven-plugin.version>1.3.1</m:properties__exec-maven-plugin.version>
		<m:dependency.management__org.apache.hadoop__hadoop-client__version>2.9.0</m:dependency.management__org.apache.hadoop__hadoop-client__version>
		<m:dependency.management__org.apache.ftpserver__ftpserver-core__version>1.0.0</m:dependency.management__org.apache.ftpserver__ftpserver-core__version>
		<m:properties__project.reporting.outputEncoding>UTF-8</m:properties__project.reporting.outputEncoding>
		<m:dependency.management__org.apache.hadoop__hadoop-mapreduce-examples__version>2.9.0</m:dependency.management__org.apache.hadoop__hadoop-mapreduce-examples__version>
		<m:properties__distMgmtSnapshotsUrl>https://repository.apache.org/content/repositories/snapshots</m:properties__distMgmtSnapshotsUrl>
		<m:properties__maven-clean-plugin.version>2.5</m:properties__maven-clean-plugin.version>
		<m:properties__maven-remote-resources-plugin.version>1.5</m:properties__maven-remote-resources-plugin.version>
		<m:properties__aws-java-sdk.version>1.11.199</m:properties__aws-java-sdk.version>
		<m:dependency.management__com.sun.jersey__jersey-json__exclusion_0>stax__stax-api</m:dependency.management__com.sun.jersey__jersey-json__exclusion_0>
		<m:dependency.management__org.apache.hadoop__hadoop-archive-logs__version>2.9.0</m:dependency.management__org.apache.hadoop__hadoop-archive-logs__version>
		<m:dependency.management__org.glassfish.grizzly__grizzly-http-servlet__version>2.1.2</m:dependency.management__org.glassfish.grizzly__grizzly-http-servlet__version>
		<m:properties__javac.version>1.7</m:properties__javac.version>
		<m:properties__enforced.java.version>[${javac.version},)</m:properties__enforced.java.version>
		<m:dependency.management__org.bouncycastle__bcprov-jdk16__version>1.46</m:dependency.management__org.bouncycastle__bcprov-jdk16__version>
		<m:dependency.management__org.apache.hadoop__hadoop-yarn-server-common__version>2.9.0</m:dependency.management__org.apache.hadoop__hadoop-yarn-server-common__version>
		<m:properties__maven-bundle-plugin.version>2.5.0</m:properties__maven-bundle-plugin.version>
		<m:properties__declared.hadoop.version>${project.version}</m:properties__declared.hadoop.version>
		<m:dependency.management__asm__asm__version>3.2</m:dependency.management__asm__asm__version>
		<m:dependency.management__com.sun.jersey.jersey-test-framework__jersey-test-framework-grizzly2__version>1.9</m:dependency.management__com.sun.jersey.jersey-test-framework__jersey-test-framework-grizzly2__version>
		<m:dependency.management__cglib__cglib__version>2.2</m:dependency.management__cglib__cglib__version>
		<m:dependency.management__org.apache.zookeeper__zookeeper__version>3.4.6</m:dependency.management__org.apache.zookeeper__zookeeper__version>
		<m:properties__ehcache.version>3.3.1</m:properties__ehcache.version>
		<m:dependency.management__org.apache.hadoop__hadoop-mapreduce-client-shuffle__version>2.9.0</m:dependency.management__org.apache.hadoop__hadoop-mapreduce-client-shuffle__version>
		<m:dependency.management__org.apache.hadoop__hadoop-hdfs-client__version>2.9.0</m:dependency.management__org.apache.hadoop__hadoop-hdfs-client__version>
		<m:dependency.management__org.apache.hadoop__hadoop-yarn-registry__version>2.9.0</m:dependency.management__org.apache.hadoop__hadoop-yarn-registry__version>
		<m:properties__checkstyle.version>6.6</m:properties__checkstyle.version>
		<m:dependency.management__org.apache.hadoop__hadoop-yarn-applications-distributedshell__version>2.9.0</m:dependency.management__org.apache.hadoop__hadoop-yarn-applications-distributedshell__version>
		<m:dependency.management__junit__junit__version>4.11</m:dependency.management__junit__junit__version>
		<m:dependency.management__log4j__log4j__version>1.2.17</m:dependency.management__log4j__log4j__version>
		<m:dependency.management__org.apache.tomcat.embed__tomcat-embed-logging-juli__version>7.0.55</m:dependency.management__org.apache.tomcat.embed__tomcat-embed-logging-juli__version>
		<m:dependency.management__org.apache.hadoop__hadoop-yarn-server-router__version>2.9.0</m:dependency.management__org.apache.hadoop__hadoop-yarn-server-router__version>
		<m:dependency.management__org.apache.directory.server__apacheds-kerberos-codec__version>2.0.0-M15</m:dependency.management__org.apache.directory.server__apacheds-kerberos-codec__version>
		<m:dependency.management__org.apache.hbase__hbase-client__exclusion_0>jdk.tools__jdk.tools</m:dependency.management__org.apache.hbase__hbase-client__exclusion_0>
		<m:properties__enforced.maven.version>[3.3.0,)</m:properties__enforced.maven.version>
		<m:properties__maven-enforcer-plugin.version>1.4.1</m:properties__maven-enforcer-plugin.version>
		<m:dependency.management__org.apache.hadoop__hadoop-yarn-server-tests__version>2.9.0</m:dependency.management__org.apache.hadoop__hadoop-yarn-server-tests__version>
		<m:dependency.management__jdiff__jdiff__version>1.0.9</m:dependency.management__jdiff__jdiff__version>
		<m:dependency.management__org.mortbay.jetty__jetty__version>6.1.26</m:dependency.management__org.mortbay.jetty__jetty__version>
		<m:dependency.management__org.mock-server__mockserver-netty__version>3.9.2</m:dependency.management__org.mock-server__mockserver-netty__version>
		<m:properties__frontend-maven-plugin.version>1.5</m:properties__frontend-maven-plugin.version>
		<m:properties__maven-stylus-skin.version>1.5</m:properties__maven-stylus-skin.version>
		<m:properties__distMgmtStagingUrl>https://repository.apache.org/service/local/staging/deploy/maven2</m:properties__distMgmtStagingUrl>
		<m:properties__distMgmtStagingId>apache.staging.https</m:properties__distMgmtStagingId>
		<m:dependency.management__org.apache.htrace__htrace-core4__version>4.1.0-incubating</m:dependency.management__org.apache.htrace__htrace-core4__version>
		<m:dependency.management__org.apache.hadoop__hadoop-yarn-server-nodemanager__version>2.9.0</m:dependency.management__org.apache.hadoop__hadoop-yarn-server-nodemanager__version>
		<e:sbtTransformHash>3446c680ca068e604e72990be5fc9c14e231b328</e:sbtTransformHash>
		<m:dependency.management__org.slf4j__jul-to-slf4j__version>1.7.25</m:dependency.management__org.slf4j__jul-to-slf4j__version>
		<m:dependency.management__com.microsoft.sqlserver__mssql-jdbc__version>6.2.1.jre7</m:dependency.management__com.microsoft.sqlserver__mssql-jdbc__version>
		<m:maven.plugins>org.apache.maven.plugins__maven-enforcer-plugin__null|org.apache.rat__apache-rat-plugin__null|null__maven-site-plugin__null|org.apache.felix__maven-bundle-plugin__null|org.apache.maven.plugins__maven-checkstyle-plugin__2.15|org.owasp__dependency-check-maven__1.3.6|org.apache.maven.plugins__maven-enforcer-plugin__null|org.apache.rat__apache-rat-plugin__null|null__maven-site-plugin__null|org.apache.felix__maven-bundle-plugin__null|org.apache.maven.plugins__maven-checkstyle-plugin__2.15|org.owasp__dependency-check-maven__1.3.6|org.codehaus.mojo__findbugs-maven-plugin__null|org.apache.maven.plugins__maven-remote-resources-plugin__1.5|org.codehaus.mojo__animal-sniffer-maven-plugin__1.16|org.apache.maven.plugins__maven-antrun-plugin__null|org.apache.maven.plugins__maven-enforcer-plugin__null|org.apache.maven.plugins__maven-surefire-plugin__null|org.apache.maven.plugins__maven-pdf-plugin__null</m:maven.plugins>
		<m:dependency.management__org.mortbay.jetty__jetty-sslengine__version>6.1.26</m:dependency.management__org.mortbay.jetty__jetty-sslengine__version>
		<m:dependency.management__com.google.protobuf__protobuf-java__version>2.5.0</m:dependency.management__com.google.protobuf__protobuf-java__version>
		<m:dependency.management__commons-lang__commons-lang__version>2.6</m:dependency.management__commons-lang__commons-lang__version>
		<m:dependency.management__org.apache.hadoop__hadoop-cloud-storage__version>2.9.0</m:dependency.management__org.apache.hadoop__hadoop-cloud-storage__version>
		<m:dependency.management__org.apache.hadoop__hadoop-mapreduce-client-jobclient__version>2.9.0</m:dependency.management__org.apache.hadoop__hadoop-mapreduce-client-jobclient__version>
		<m:properties__jersey.version>1.9</m:properties__jersey.version>
		<m:properties__distMgmtSnapshotsId>apache.snapshots.https</m:properties__distMgmtSnapshotsId>
		<m:dependency.management__com.sun.jersey__jersey-core__version>1.9</m:dependency.management__com.sun.jersey__jersey-core__version>
		<m:dependency.management__org.apache.hadoop__hadoop-extras__version>2.9.0</m:dependency.management__org.apache.hadoop__hadoop-extras__version>
		<m:properties__test.exclude.pattern>_</m:properties__test.exclude.pattern>
		<m:dependency.management__org.apache.hadoop__hadoop-yarn-client__version>2.9.0</m:dependency.management__org.apache.hadoop__hadoop-yarn-client__version>
		<m:properties__hsqldb.version>2.3.4</m:properties__hsqldb.version>
		<m:properties__distMgmtSnapshotsName>Apache Development Snapshot Repository</m:properties__distMgmtSnapshotsName>
		<m:dependency.management__org.apache.hadoop__hadoop-mapreduce-client-common__version>2.9.0</m:dependency.management__org.apache.hadoop__hadoop-mapreduce-client-common__version>
		<m:dependency.management__org.apache.hbase__hbase-server__version>1.2.6</m:dependency.management__org.apache.hbase__hbase-server__version>
		<m:dependency.management__org.apache.hadoop__hadoop-yarn-server__version>2.9.0</m:dependency.management__org.apache.hadoop__hadoop-yarn-server__version>
		<m:dependency.management__org.apache.hadoop__hadoop-yarn-server-timelineservice__version>2.9.0</m:dependency.management__org.apache.hadoop__hadoop-yarn-server-timelineservice__version>
		<m:dependency.management__org.codehaus.jackson__jackson-jaxrs__version>1.9.13</m:dependency.management__org.codehaus.jackson__jackson-jaxrs__version>
		<m:dependency.management__org.apache.hbase__hbase-client__version>1.2.6</m:dependency.management__org.apache.hbase__hbase-client__version>
		<m:properties__failIfNoTests>false</m:properties__failIfNoTests>
		<m:properties__hikari.version>2.4.12</m:properties__hikari.version>
		<m:dependency.management__org.apache.hadoop__hadoop-mapreduce-client-core__version>2.9.0</m:dependency.management__org.apache.hadoop__hadoop-mapreduce-client-core__version>
		<m:properties__maven-failsafe-plugin.version>${maven-surefire-plugin.version}</m:properties__maven-failsafe-plugin.version>
		<m:dependency.management__org.apache.curator__curator-test__version>2.7.1</m:dependency.management__org.apache.curator__curator-test__version>
		<m:properties__protoc.path>${env.HADOOP_PROTOC_PATH}</m:properties__protoc.path>
		<m:dependency.management__org.apache.hbase__hbase-common__exclusion_0>jdk.tools__jdk.tools</m:dependency.management__org.apache.hbase__hbase-common__exclusion_0>
		<m:properties__distMgmtStagingName>Apache Release Distribution Repository</m:properties__distMgmtStagingName>
		<m:dependency.management__com.squareup.okhttp3__mockwebserver__scope>test</m:dependency.management__com.squareup.okhttp3__mockwebserver__scope>
		<m:properties__maven-deploy-plugin.version>2.8.1</m:properties__maven-deploy-plugin.version>
		<m:dependency.management__org.fusesource.leveldbjni__leveldbjni-all__version>1.8</m:dependency.management__org.fusesource.leveldbjni__leveldbjni-all__version>
		<m:properties__maven-resources-plugin.version>2.6</m:properties__maven-resources-plugin.version>
		<m:dependency.management__org.mortbay.jetty__jetty-servlet-tester__version>6.1.26</m:dependency.management__org.mortbay.jetty__jetty-servlet-tester__version>
		<m:properties__dependency-check-maven.version>1.3.6</m:properties__dependency-check-maven.version>
		<m:dependency.management__org.apache.hbase__hbase-testing-util__exclusion_3>jdk.tools__jdk.tools</m:dependency.management__org.apache.hbase__hbase-testing-util__exclusion_3>
		<m:dependency.management__org.apache.hbase__hbase-testing-util__exclusion_2>org.apache.hadoop__hadoop-minicluster</m:dependency.management__org.apache.hbase__hbase-testing-util__exclusion_2>
		<m:properties__maven-surefire-plugin.version>2.17</m:properties__maven-surefire-plugin.version>
		<m:dependency.management__org.apache.hbase__hbase-testing-util__exclusion_1>org.apache.hadoop__hadoop-hdfs</m:dependency.management__org.apache.hbase__hbase-testing-util__exclusion_1>
		<m:dependency.management__commons-logging__commons-logging-api__version>1.1</m:dependency.management__commons-logging__commons-logging-api__version>
		<m:dependency.management__org.apache.hbase__hbase-testing-util__exclusion_0>org.jruby__jruby-complete</m:dependency.management__org.apache.hbase__hbase-testing-util__exclusion_0>
		<m:properties__shell-executable>bash</m:properties__shell-executable>
		<m:dependency.management__commons-daemon__commons-daemon__version>1.0.13</m:dependency.management__commons-daemon__commons-daemon__version>
		<m:properties__test.exclude>_</m:properties__test.exclude>
		<m:dependency.management__org.codehaus.jettison__jettison__exclusion_0>stax__stax-api</m:dependency.management__org.codehaus.jettison__jettison__exclusion_0>
		<m:dependency.management__log4j__log4j__exclusion_0>com.sun.jdmk__jmxtools</m:dependency.management__log4j__log4j__exclusion_0>
		<m:dependency.management__log4j__log4j__exclusion_1>com.sun.jmx__jmxri</m:dependency.management__log4j__log4j__exclusion_1>
		<m:dependency.management__log4j__log4j__exclusion_2>javax.mail__mail</m:dependency.management__log4j__log4j__exclusion_2>
		<m:dependency.management__log4j__log4j__exclusion_3>javax.jms__jmx</m:dependency.management__log4j__log4j__exclusion_3>
		<m:properties__maven-dependency-plugin.version>2.8</m:properties__maven-dependency-plugin.version>
		<m:dependency.management__com.sun.jersey__jersey-json__version>1.9</m:dependency.management__com.sun.jersey__jersey-json__version>
		<m:dependency.management__io.netty__netty__version>3.6.2.Final</m:dependency.management__io.netty__netty__version>
		<m:dependency.management__log4j__log4j__exclusion_4>javax.jms__jms</m:dependency.management__log4j__log4j__exclusion_4>
		<m:properties__jdiff.version>1.0.9</m:properties__jdiff.version>
		<m:properties__maven-war-plugin.version>2.4</m:properties__maven-war-plugin.version>
		<m:dependency.management__org.apache.sshd__sshd-core__version>0.14.0</m:dependency.management__org.apache.sshd__sshd-core__version>
		<m:dependency.management__com.fasterxml.jackson.core__jackson-core__version>2.7.8</m:dependency.management__com.fasterxml.jackson.core__jackson-core__version>
		<m:properties__wagon-ssh.version>1.0</m:properties__wagon-ssh.version>
		<m:properties__maven-antrun-plugin.version>1.7</m:properties__maven-antrun-plugin.version>
		<m:dependency.management__xerces__xercesImpl__version>2.9.1</m:dependency.management__xerces__xercesImpl__version>
		<m:dependency.management__org.apache.hadoop__hadoop-yarn-server-applicationhistoryservice__version>2.9.0</m:dependency.management__org.apache.hadoop__hadoop-yarn-server-applicationhistoryservice__version>
		<m:dependency.management__org.apache.hadoop__hadoop-sls__version>2.9.0</m:dependency.management__org.apache.hadoop__hadoop-sls__version>
		<m:dependency.management__commons-net__commons-net__version>3.1</m:dependency.management__commons-net__commons-net__version>
		<m:dependency.management__commons-io__commons-io__version>2.4</m:dependency.management__commons-io__commons-io__version>
		<m:dependency.management__org.apache.bookkeeper__bookkeeper-server__version>4.2.3</m:dependency.management__org.apache.bookkeeper__bookkeeper-server__version>
		<m:dependency.management__javax.xml.bind__jaxb-api__version>2.2.2</m:dependency.management__javax.xml.bind__jaxb-api__version>
		<m:properties__jackson.version>1.9.13</m:properties__jackson.version>
		<m:dependency.management__org.apache.hadoop__hadoop-yarn-api__version>2.9.0</m:dependency.management__org.apache.hadoop__hadoop-yarn-api__version>
		<m:properties__maven-project-info-reports-plugin.version>2.7</m:properties__maven-project-info-reports-plugin.version>
		<m:dependency.management__com.sun.jersey__jersey-client__version>1.9</m:dependency.management__com.sun.jersey__jersey-client__version>
		<m:dependency.management__org.codehaus.jackson__jackson-mapper-asl__version>1.9.13</m:dependency.management__org.codehaus.jackson__jackson-mapper-asl__version>
		<m:dependency.management__org.apache.hadoop__hadoop-mapreduce-client-app__version>2.9.0</m:dependency.management__org.apache.hadoop__hadoop-mapreduce-client-app__version>
		<m:dependency.management__net.sf.kosmosfs__kfs__version>0.3</m:dependency.management__net.sf.kosmosfs__kfs__version>
		<m:dependency.management__org.codehaus.woodstox__stax2-api__version>3.1.4</m:dependency.management__org.codehaus.woodstox__stax2-api__version>
		<m:properties__surefire.fork.timeout>900</m:properties__surefire.fork.timeout>
		<m:properties__test.build.dir>${project.build.directory}/test-dir</m:properties__test.build.dir>
		<m:dependency.management__org.jdom__jdom__version>1.1</m:dependency.management__org.jdom__jdom__version>
		<m:dependency.management__com.cenqua.clover__clover__version>3.0.2</m:dependency.management__com.cenqua.clover__clover__version>
		<m:properties__project.build.sourceEncoding>UTF-8</m:properties__project.build.sourceEncoding>
		<m:dependency.management__org.eclipse.jdt__core__version>3.1.1</m:dependency.management__org.eclipse.jdt__core__version>
		<m:properties__maven-pdf-plugin.version>1.2</m:properties__maven-pdf-plugin.version>
		<m:properties__maven-source-plugin.version>2.3</m:properties__maven-source-plugin.version>
		<m:dependency.management__org.apache.hadoop__hadoop-annotations__version>2.9.0</m:dependency.management__org.apache.hadoop__hadoop-annotations__version>
		<m:dependency.management__com.sun.jersey.contribs__jersey-guice__version>1.9</m:dependency.management__com.sun.jersey.contribs__jersey-guice__version>
		<m:dependency.management__com.codahale.metrics__metrics-core__version>3.0.1</m:dependency.management__com.codahale.metrics__metrics-core__version>
		<m:dependency.management__javax.servlet__servlet-api__version>2.5</m:dependency.management__javax.servlet__servlet-api__version>
		<m:properties__maven-compiler-plugin.version>3.1</m:properties__maven-compiler-plugin.version>
		<m:dependency.management__com.nimbusds__nimbus-jose-jwt__exclusion_0>org.bouncycastle__bcprov-jdk15on</m:dependency.management__com.nimbusds__nimbus-jose-jwt__exclusion_0>
		<m:dependency.management__org.apache.geronimo.specs__geronimo-jcache_1.0_spec__version>1.0-alpha-1</m:dependency.management__org.apache.geronimo.specs__geronimo-jcache_1.0_spec__version>
		<m:dependency.management__org.apache.hadoop__hadoop-rumen__version>2.9.0</m:dependency.management__org.apache.hadoop__hadoop-rumen__version>
		<m:dependency.management__org.apache.mina__mina-core__version>2.0.0-M5</m:dependency.management__org.apache.mina__mina-core__version>
		<m:dependency.management__joda-time__joda-time__version>2.9.4</m:dependency.management__joda-time__joda-time__version>
	</info>
	<configurations>
		<conf name="default" visibility="public" description="runtime dependencies and master artifact can be used with this conf" extends="runtime,master"/>
		<conf name="master" visibility="public" description="contains only the artifact published by this module itself, with no transitive dependencies"/>
		<conf name="compile" visibility="public" description="this is the default scope, used if none is specified. Compile dependencies are available in all classpaths."/>
		<conf name="provided" visibility="public" description="this is much like compile, but indicates you expect the JDK or a container to provide it. It is only available on the compilation classpath, and is not transitive."/>
		<conf name="runtime" visibility="public" description="this scope indicates that the dependency is not required for compilation, but is for execution. It is in the runtime and test classpaths, but not the compile classpath." extends="compile"/>
		<conf name="test" visibility="private" description="this scope indicates that the dependency is not required for normal use of the application, and is only available for the test compilation and execution phases." extends="runtime"/>
		<conf name="system" visibility="public" description="this scope is similar to provided except that you have to provide the JAR which contains it explicitly. The artifact is always available and is not looked up in a repository."/>
		<conf name="sources" visibility="public" description="this configuration contains the source artifact of this module, if any."/>
		<conf name="javadoc" visibility="public" description="this configuration contains the javadoc artifact of this module, if any."/>
		<conf name="optional" visibility="public" description="contains all optional dependencies"/>
	</configurations>
	<publications>
	</publications>
</ivy-module>
