<?xml version="1.0" encoding="UTF-8"?>
<ivy-module version="2.0" xmlns:m="http://ant.apache.org/ivy/maven" xmlns:e="http://ant.apache.org/ivy/extra">
	<info organisation="org.glassfish.hk2"
		module="hk2-bom"
		revision="2.4.0-b34"
		status="release"
		publication="20151119114242"
	>
		<description homepage="">
		Bom Pom for importing hk2 managed dependencies
		</description>
		<m:dependency.management__org.glassfish.hk2__config-types__version>2.4.0-b34</m:dependency.management__org.glassfish.hk2__config-types__version>
		<m:dependency.management__org.glassfish.hk2__caching-aop-example-runner__version>2.4.0-b34</m:dependency.management__org.glassfish.hk2__caching-aop-example-runner__version>
		<m:dependency.management__org.glassfish.hk2__ctm-example__version>2.4.0-b34</m:dependency.management__org.glassfish.hk2__ctm-example__version>
		<m:dependency.management__org.hibernate__hibernate-validator__version>5.1.2.Final</m:dependency.management__org.hibernate__hibernate-validator__version>
		<m:dependency.management__org.glassfish.hk2__security-lockdown-example-alice__version>2.4.0-b34</m:dependency.management__org.glassfish.hk2__security-lockdown-example-alice__version>
		<m:properties__hibernate-validator.version>5.1.2.Final</m:properties__hibernate-validator.version>
		<m:dependency.management__org.glassfish.hk2__hk2-core__version>2.4.0-b34</m:dependency.management__org.glassfish.hk2__hk2-core__version>
		<m:dependency.management__org.glassfish.hk2__devtests__version>2.4.0-b34</m:dependency.management__org.glassfish.hk2__devtests__version>
		<m:dependency.management__org.glassfish.hk2__consolidatedbundle-maven-plugin__version>2.4.0-b34</m:dependency.management__org.glassfish.hk2__consolidatedbundle-maven-plugin__version>
		<m:dependency.management__org.glassfish.hk2__hk2-configuration-integration__version>2.4.0-b34</m:dependency.management__org.glassfish.hk2__hk2-configuration-integration__version>
		<m:dependency.management__org.glassfish.hk2__hk2-testing__version>2.4.0-b34</m:dependency.management__org.glassfish.hk2__hk2-testing__version>
		<m:dependency.management__org.glassfish.hk2__osgi-adapter__version>2.4.0-b34</m:dependency.management__org.glassfish.hk2__osgi-adapter__version>
		<m:dependency.management__org.glassfish.hk2__osgi-adapter-tests-parent__version>2.4.0-b34</m:dependency.management__org.glassfish.hk2__osgi-adapter-tests-parent__version>
		<m:dependency.management__org.glassfish.hk2__faux-sdp-bundle__version>2.4.0-b34</m:dependency.management__org.glassfish.hk2__faux-sdp-bundle__version>
		<m:dependency.management__org.glassfish.hk2__sdp-management-bundle__version>2.4.0-b34</m:dependency.management__org.glassfish.hk2__sdp-management-bundle__version>
		<m:dependency.management__org.glassfish.hk2__custom-resolver-example__version>2.4.0-b34</m:dependency.management__org.glassfish.hk2__custom-resolver-example__version>
		<m:dependency.management__org.glassfish.hk2__osgi__version>2.4.0-b34</m:dependency.management__org.glassfish.hk2__osgi__version>
		<m:dependency.management__org.glassfish.hk2__spring-bridge__version>2.4.0-b34</m:dependency.management__org.glassfish.hk2__spring-bridge__version>
		<m:dependency.management__org.glassfish.hk2__security-lockdown-example-system__version>2.4.0-b34</m:dependency.management__org.glassfish.hk2__security-lockdown-example-system__version>
		<m:dependency.management__org.glassfish.hk2__hk2-extras__version>2.4.0-b34</m:dependency.management__org.glassfish.hk2__hk2-extras__version>
		<m:dependency.management__org.glassfish.hk2__hk2-metadata-generator__version>2.4.0-b34</m:dependency.management__org.glassfish.hk2__hk2-metadata-generator__version>
		<m:dependency.management__org.glassfish.hk2__hk2-build__version>2.4.0-b34</m:dependency.management__org.glassfish.hk2__hk2-build__version>
		<m:dependency.management__org.glassfish.hk2.external__asm-all-repackaged__version>2.4.0-b34</m:dependency.management__org.glassfish.hk2.external__asm-all-repackaged__version>
		<m:dependency.management__org.glassfish.hk2__security-lockdown-example-runner__version>2.4.0-b34</m:dependency.management__org.glassfish.hk2__security-lockdown-example-runner__version>
		<m:dependency.management__org.glassfish.hk2__hk2-config-generator__version>2.4.0-b34</m:dependency.management__org.glassfish.hk2__hk2-config-generator__version>
		<m:dependency.management__org.glassfish.hk2__security-lockdown-example__version>2.4.0-b34</m:dependency.management__org.glassfish.hk2__security-lockdown-example__version>
		<m:dependency.management__org.javassist__javassist__version>3.18.1-GA</m:dependency.management__org.javassist__javassist__version>
		<m:dependency.management__org.glassfish.hk2__hk2-configuration__version>2.4.0-b34</m:dependency.management__org.glassfish.hk2__hk2-configuration__version>
		<m:dependency.management__org.glassfish.hk2__tiger-types-osgi__version>2.4.0-b34</m:dependency.management__org.glassfish.hk2__tiger-types-osgi__version>
		<m:dependency.management__org.glassfish.hk2__class-model__version>2.4.0-b34</m:dependency.management__org.glassfish.hk2__class-model__version>
		<m:dependency.management__org.glassfish.hk2__hk2-locator__version>2.4.0-b34</m:dependency.management__org.glassfish.hk2__hk2-locator__version>
		<m:dependency.management__org.glassfish.hk2__hk2-maven__version>2.4.0-b34</m:dependency.management__org.glassfish.hk2__hk2-maven__version>
		<m:dependency.management__org.glassfish.hk2__examples__version>2.4.0-b34</m:dependency.management__org.glassfish.hk2__examples__version>
		<m:dependency.management__org.glassfish.hk2__caching-aop-example-system__version>2.4.0-b34</m:dependency.management__org.glassfish.hk2__caching-aop-example-system__version>
		<m:dependency.management__org.glassfish.hk2.external__javax.inject__version>2.4.0-b34</m:dependency.management__org.glassfish.hk2.external__javax.inject__version>
		<m:dependency.management__org.glassfish.hk2__hk2-collections-tests__version>2.4.0-b34</m:dependency.management__org.glassfish.hk2__hk2-collections-tests__version>
		<m:dependency.management__org.glassfish.hk2__hk2-utils__version>2.4.0-b34</m:dependency.management__org.glassfish.hk2__hk2-utils__version>
		<m:dependency.management__org.glassfish.hk2__hk2-runlevel__version>2.4.0-b34</m:dependency.management__org.glassfish.hk2__hk2-runlevel__version>
		<m:dependency.management__org.glassfish.hk2__hk2-property-file__version>2.4.0-b34</m:dependency.management__org.glassfish.hk2__hk2-property-file__version>
		<m:dependency.management__org.glassfish.hk2__caching-aop-example__version>2.4.0-b34</m:dependency.management__org.glassfish.hk2__caching-aop-example__version>
		<m:dependency.management__org.glassfish.hk2__hk2__version>2.4.0-b34</m:dependency.management__org.glassfish.hk2__hk2__version>
		<m:dependency.management__org.glassfish.hk2__hk2-testng__version>2.4.0-b34</m:dependency.management__org.glassfish.hk2__hk2-testng__version>
		<m:dependency.management__org.glassfish.hk2__hk2-api__version>2.4.0-b34</m:dependency.management__org.glassfish.hk2__hk2-api__version>
		<m:dependency.management__org.glassfish.hk2__guice-bridge__version>2.4.0-b34</m:dependency.management__org.glassfish.hk2__guice-bridge__version>
		<m:dependency.management__org.glassfish.hk2.external__bean-validator-cdi__version>2.4.0-b34</m:dependency.management__org.glassfish.hk2.external__bean-validator-cdi__version>
		<m:dependency.management__org.glassfish.hk2__osgi-adapter-test__version>2.4.0-b34</m:dependency.management__org.glassfish.hk2__osgi-adapter-test__version>
		<m:dependency.management__org.glassfish.hk2__external__version>2.4.0-b34</m:dependency.management__org.glassfish.hk2__external__version>
		<m:dependency.management__org.glassfish.hk2__hk2-xml__version>2.4.0-b34</m:dependency.management__org.glassfish.hk2__hk2-xml__version>
		<m:properties__javassist.version>3.18.1-GA</m:properties__javassist.version>
		<m:dependency.management__org.glassfish.hk2.external__bean-validator__version>2.4.0-b34</m:dependency.management__org.glassfish.hk2.external__bean-validator__version>
		<e:sbtTransformHash>93f94e95359c9b322eda0320ddfc2f478ce1db41</e:sbtTransformHash>
		<m:dependency.management__org.glassfish.hk2__hk2-parent__version>2.4.0-b34</m:dependency.management__org.glassfish.hk2__hk2-parent__version>
		<m:properties__javax.validation.version>1.1.0.Final</m:properties__javax.validation.version>
		<m:dependency.management__org.glassfish.hk2__hk2-dependency-verifier__version>2.4.0-b34</m:dependency.management__org.glassfish.hk2__hk2-dependency-verifier__version>
		<m:dependency.management__org.glassfish.hk2__hk2-inhabitant-generator__version>2.4.0-b34</m:dependency.management__org.glassfish.hk2__hk2-inhabitant-generator__version>
		<m:dependency.management__org.glassfish.hk2__hk2-dependency-visualizer__version>2.4.0-b34</m:dependency.management__org.glassfish.hk2__hk2-dependency-visualizer__version>
		<m:dependency.management__org.glassfish.hk2__security-lockdown-example-mallory__version>2.4.0-b34</m:dependency.management__org.glassfish.hk2__security-lockdown-example-mallory__version>
		<m:dependency.management__org.glassfish.hk2__osgi-resource-locator__version>1.0.1</m:dependency.management__org.glassfish.hk2__osgi-resource-locator__version>
		<m:dependency.management__org.glassfish.hk2__hk2-config__version>2.4.0-b34</m:dependency.management__org.glassfish.hk2__hk2-config__version>
		<m:dependency.management__org.glassfish.hk2__hk2-junitrunner__version>2.4.0-b34</m:dependency.management__org.glassfish.hk2__hk2-junitrunner__version>
		<m:properties__project.build.sourceEncoding>UTF-8</m:properties__project.build.sourceEncoding>
		<m:dependency.management__org.glassfish.hk2__osgiversion-maven-plugin__version>2.4.0-b34</m:dependency.management__org.glassfish.hk2__osgiversion-maven-plugin__version>
		<m:dependency.management__org.glassfish.hk2__test-module-startup__version>2.4.0-b34</m:dependency.management__org.glassfish.hk2__test-module-startup__version>
		<m:dependency.management__javax.validation__validation-api__version>1.1.0.Final</m:dependency.management__javax.validation__validation-api__version>
		<m:dependency.management__org.glassfish.hk2__contract-bundle__version>2.4.0-b34</m:dependency.management__org.glassfish.hk2__contract-bundle__version>
		<m:dependency.management__org.glassfish.hk2.external__aopalliance-repackaged__version>2.4.0-b34</m:dependency.management__org.glassfish.hk2.external__aopalliance-repackaged__version>
		<m:dependency.management__javax.el__javax.el-api__version>${javax.el.version}</m:dependency.management__javax.el__javax.el-api__version>
		<m:properties__jvnetDistMgmtSnapshotsUrl>https://maven.java.net/content/repositories/snapshots/</m:properties__jvnetDistMgmtSnapshotsUrl>
		<m:dependency.management__org.glassfish.hk2__no-hk2-bundle__version>2.4.0-b34</m:dependency.management__org.glassfish.hk2__no-hk2-bundle__version>
		<m:dependency.management__org.glassfish.hk2__hk2-configuration-hub__version>2.4.0-b34</m:dependency.management__org.glassfish.hk2__hk2-configuration-hub__version>
		<m:dependency.management__org.glassfish.hk2__config-generator__version>2.4.0-b34</m:dependency.management__org.glassfish.hk2__config-generator__version>
	</info>
	<configurations>
		<conf name="default" visibility="public" description="runtime dependencies and master artifact can be used with this conf" extends="runtime,master"/>
		<conf name="master" visibility="public" description="contains only the artifact published by this module itself, with no transitive dependencies"/>
		<conf name="compile" visibility="public" description="this is the default scope, used if none is specified. Compile dependencies are available in all classpaths."/>
		<conf name="provided" visibility="public" description="this is much like compile, but indicates you expect the JDK or a container to provide it. It is only available on the compilation classpath, and is not transitive."/>
		<conf name="runtime" visibility="public" description="this scope indicates that the dependency is not required for compilation, but is for execution. It is in the runtime and test classpaths, but not the compile classpath." extends="compile"/>
		<conf name="test" visibility="private" description="this scope indicates that the dependency is not required for normal use of the application, and is only available for the test compilation and execution phases." extends="runtime"/>
		<conf name="system" visibility="public" description="this scope is similar to provided except that you have to provide the JAR which contains it explicitly. The artifact is always available and is not looked up in a repository."/>
		<conf name="sources" visibility="public" description="this configuration contains the source artifact of this module, if any."/>
		<conf name="javadoc" visibility="public" description="this configuration contains the javadoc artifact of this module, if any."/>
		<conf name="optional" visibility="public" description="contains all optional dependencies"/>
	</configurations>
	<publications>
	</publications>
</ivy-module>
