<?xml version="1.0" encoding="UTF-8"?>
<ivy-module version="2.0" xmlns:m="http://ant.apache.org/ivy/maven" xmlns:e="http://ant.apache.org/ivy/extra">
	<info organisation="org.roaringbitmap"
		module="RoaringBitmapParent"
		revision="0.7.45"
		status="release"
		publication="20190320164826"
	>
		<license name="Apache 2" url="http://www.apache.org/licenses/LICENSE-2.0.txt" />
		<description homepage="https://github.com/RoaringBitmap/RoaringBitmap">
		Roaring bitmaps are compressed bitmaps (also called bitsets) which tend to outperform
     conventional compressed bitmaps such as WAH or Concise.
		</description>
		<m:dependency.management__junit__junit__version>4.12</m:dependency.management__junit__junit__version>
		<m:properties__javac.target>1.8</m:properties__javac.target>
		<m:dependency.management__com.google.guava__guava__version>20.0</m:dependency.management__com.google.guava__guava__version>
		<m:properties__maven.surefire.version>2.19.1</m:properties__maven.surefire.version>
		<m:properties__javac.release>8</m:properties__javac.release>
		<e:sbtTransformHash>92bd3a43d35f25367a19d80b48815ce850a31705</e:sbtTransformHash>
		<m:properties__project.build.sourceEncoding>UTF-8</m:properties__project.build.sourceEncoding>
		<m:maven.plugins>org.apache.maven.plugins__maven-compiler-plugin__3.6.0|org.apache.maven.plugins__maven-checkstyle-plugin__2.17|org.apache.maven.plugins__maven-release-plugin__2.5.3|org.sonatype.plugins__nexus-staging-maven-plugin__1.6.8|org.jacoco__jacoco-maven-plugin__0.8.2|org.eluder.coveralls__coveralls-maven-plugin__4.3.0|org.apache.maven.plugins__maven-surefire-plugin__2.19.1|org.apache.maven.plugins__maven-jar-plugin__3.0.2</m:maven.plugins>
		<m:properties__checkstyle.configLocation>${basedir}/roaringbitmap/style/roaring_google_checks.xml</m:properties__checkstyle.configLocation>
		<m:dependency.management__junit__junit__scope>test</m:dependency.management__junit__junit__scope>
		<m:dependency.management__org.apache.commons__commons-lang3__version>3.4</m:dependency.management__org.apache.commons__commons-lang3__version>
	</info>
	<configurations>
		<conf name="default" visibility="public" description="runtime dependencies and master artifact can be used with this conf" extends="runtime,master"/>
		<conf name="master" visibility="public" description="contains only the artifact published by this module itself, with no transitive dependencies"/>
		<conf name="compile" visibility="public" description="this is the default scope, used if none is specified. Compile dependencies are available in all classpaths."/>
		<conf name="provided" visibility="public" description="this is much like compile, but indicates you expect the JDK or a container to provide it. It is only available on the compilation classpath, and is not transitive."/>
		<conf name="runtime" visibility="public" description="this scope indicates that the dependency is not required for compilation, but is for execution. It is in the runtime and test classpaths, but not the compile classpath." extends="compile"/>
		<conf name="test" visibility="private" description="this scope indicates that the dependency is not required for normal use of the application, and is only available for the test compilation and execution phases." extends="runtime"/>
		<conf name="system" visibility="public" description="this scope is similar to provided except that you have to provide the JAR which contains it explicitly. The artifact is always available and is not looked up in a repository."/>
		<conf name="sources" visibility="public" description="this configuration contains the source artifact of this module, if any."/>
		<conf name="javadoc" visibility="public" description="this configuration contains the javadoc artifact of this module, if any."/>
		<conf name="optional" visibility="public" description="contains all optional dependencies"/>
	</configurations>
	<publications>
	</publications>
</ivy-module>
