<?xml version="1.0" encoding="UTF-8"?>
<ivy-module version="2.0" xmlns:m="http://ant.apache.org/ivy/maven" xmlns:e="http://ant.apache.org/ivy/extra">
	<info organisation="org.mortbay.jetty"
		module="jetty-sslengine"
		revision="6.1.26"
		status="release"
		publication="20101110214548"
	>
		<license name="Apache License Version 2" url="http://www.apache.org/licenses/LICENSE-2.0" />
		<description homepage="http://jetty.mortbay.org" />
		<m:dependency.management__junit__junit__version>3.8.2</m:dependency.management__junit__junit__version>
		<m:properties__mail-version>1.4</m:properties__mail-version>
		<m:dependency.management__ant__ant__version>1.6.5</m:dependency.management__ant__ant__version>
		<m:dependency.management__geronimo-spec__geronimo-spec-jta__version>1.0.1B-rc4</m:dependency.management__geronimo-spec__geronimo-spec-jta__version>
		<m:properties__jta-spec-version>1.0.1B-rc4</m:properties__jta-spec-version>
		<m:properties__slf4j-version>1.3.1</m:properties__slf4j-version>
		<m:properties__junit-version>3.8.2</m:properties__junit-version>
		<m:properties__project.build.sourceEncoding>UTF-8</m:properties__project.build.sourceEncoding>
		<m:dependency.management__org.slf4j__slf4j-simple__version>1.3.1</m:dependency.management__org.slf4j__slf4j-simple__version>
		<m:dependency.management__org.slf4j__jcl104-over-slf4j__version>1.3.1</m:dependency.management__org.slf4j__jcl104-over-slf4j__version>
		<m:properties__maven-bundle-plugin-version>1.4.0</m:properties__maven-bundle-plugin-version>
		<m:dependency.management__javax.activation__activation__version>1.1</m:dependency.management__javax.activation__activation__version>
		<m:properties__test-test>${basedir}</m:properties__test-test>
		<m:properties__maven-jar-plugin-version>2.2</m:properties__maven-jar-plugin-version>
		<m:properties__activation-version>1.1</m:properties__activation-version>
		<m:properties__servlet-version>2.5-20081211</m:properties__servlet-version>
		<m:dependency.management__org.apache.maven__maven-plugin-tools-api__version>2.0</m:dependency.management__org.apache.maven__maven-plugin-tools-api__version>
		<m:properties__jsp21-version>2.1.v20091210</m:properties__jsp21-version>
		<e:sbtTransformHash>2117ed241c2dcc1ff6d55dbbf7c2297fc34551c8</e:sbtTransformHash>
		<m:properties__ant-version>1.6.5</m:properties__ant-version>
		<m:dependency.management__javax.mail__mail__version>1.4</m:dependency.management__javax.mail__mail__version>
		<m:maven.plugins>org.apache.maven.plugins__maven-enforcer-plugin__1.0-alpha-4|org.apache.maven.plugins__maven-release-plugin__null|org.apache.maven.plugins__maven-enforcer-plugin__1.0-alpha-4|org.apache.maven.plugins__maven-release-plugin__null|org.apache.maven.plugins__maven-release-plugin__null|org.apache.maven.plugins__maven-enforcer-plugin__1.0-alpha-4|org.apache.maven.plugins__maven-release-plugin__null|org.apache.maven.plugins__maven-enforcer-plugin__1.0-alpha-4|org.apache.maven.plugins__maven-release-plugin__null|org.apache.maven.plugins__maven-release-plugin__null|org.apache.maven.plugins__maven-enforcer-plugin__null|null__maven-compiler-plugin__null|null__maven-release-plugin__null|org.apache.maven.plugins__maven-jar-plugin__2.1|org.apache.maven.plugins__maven-source-plugin__null|org.apache.maven.plugins__maven-enforcer-plugin__1.0-alpha-4|org.apache.maven.plugins__maven-release-plugin__null|org.apache.maven.plugins__maven-enforcer-plugin__1.0-alpha-4|org.apache.maven.plugins__maven-release-plugin__null|org.apache.maven.plugins__maven-release-plugin__null|org.apache.maven.plugins__maven-enforcer-plugin__1.0-alpha-4|org.apache.maven.plugins__maven-release-plugin__null|org.apache.maven.plugins__maven-enforcer-plugin__1.0-alpha-4|org.apache.maven.plugins__maven-release-plugin__null|org.apache.maven.plugins__maven-release-plugin__null|org.apache.maven.plugins__maven-enforcer-plugin__null|null__maven-compiler-plugin__null|null__maven-release-plugin__null|org.apache.maven.plugins__maven-jar-plugin__2.1|org.apache.maven.plugins__maven-source-plugin__null|null__maven-compiler-plugin__null|null__maven-antrun-plugin__null|org.apache.felix__maven-bundle-plugin__1.4.0|org.apache.maven.plugins__maven-jar-plugin__2.2</m:maven.plugins>
		<m:dependency.management__org.slf4j__slf4j-api__version>1.3.1</m:dependency.management__org.slf4j__slf4j-api__version>
	</info>
	<configurations>
		<conf name="default" visibility="public" description="runtime dependencies and master artifact can be used with this conf" extends="runtime,master"/>
		<conf name="master" visibility="public" description="contains only the artifact published by this module itself, with no transitive dependencies"/>
		<conf name="compile" visibility="public" description="this is the default scope, used if none is specified. Compile dependencies are available in all classpaths."/>
		<conf name="provided" visibility="public" description="this is much like compile, but indicates you expect the JDK or a container to provide it. It is only available on the compilation classpath, and is not transitive."/>
		<conf name="runtime" visibility="public" description="this scope indicates that the dependency is not required for compilation, but is for execution. It is in the runtime and test classpaths, but not the compile classpath." extends="compile"/>
		<conf name="test" visibility="private" description="this scope indicates that the dependency is not required for normal use of the application, and is only available for the test compilation and execution phases." extends="runtime"/>
		<conf name="system" visibility="public" description="this scope is similar to provided except that you have to provide the JAR which contains it explicitly. The artifact is always available and is not looked up in a repository."/>
		<conf name="sources" visibility="public" description="this configuration contains the source artifact of this module, if any."/>
		<conf name="javadoc" visibility="public" description="this configuration contains the javadoc artifact of this module, if any."/>
		<conf name="optional" visibility="public" description="contains all optional dependencies"/>
	</configurations>
	<publications>
		<artifact name="jetty-sslengine" type="jar" ext="jar" conf="master"/>
	</publications>
	<dependencies>
		<dependency org="org.mortbay.jetty" name="jetty" rev="6.1.26" force="true" conf="compile->compile(*),master(compile);runtime->runtime(*)"/>
		<dependency org="junit" name="junit" rev="3.8.2" force="true" conf="test->runtime(*),master(compile)"/>
	</dependencies>
</ivy-module>
