<?xml version="1.0" encoding="UTF-8"?>
<ivy-module version="2.0" xmlns:m="http://ant.apache.org/ivy/maven" xmlns:e="http://ant.apache.org/ivy/extra">
	<info organisation="com.google.protobuf"
		module="protobuf-parent"
		revision="3.6.1"
		status="release"
		publication="20180730232659"
	>
		<license name="3-Clause BSD License" url="https://opensource.org/licenses/BSD-3-Clause" />
		<description homepage="https://developers.google.com/protocol-buffers/">
		Protocol Buffers are a way of encoding structured data in an efficient yet
    extensible format.
		</description>
		<m:dependency.management__junit__junit__version>4.12</m:dependency.management__junit__junit__version>
		<m:properties__project.reporting.outputEncoding>UTF-8</m:properties__project.reporting.outputEncoding>
		<m:properties__protobuf.basedir>${project.basedir}/../..</m:properties__protobuf.basedir>
		<m:dependency.management__com.google.guava__guava__version>19.0</m:dependency.management__com.google.guava__guava__version>
		<m:properties__protobuf.source.dir>${protobuf.basedir}/src</m:properties__protobuf.source.dir>
		<m:properties__generated.sources.dir>${project.build.directory}/generated-sources</m:properties__generated.sources.dir>
		<m:dependency.management__org.easymock__easymockclassextension__scope>test</m:dependency.management__org.easymock__easymockclassextension__scope>
		<m:properties__project.build.sourceEncoding>UTF-8</m:properties__project.build.sourceEncoding>
		<m:dependency.management__org.easymock__easymockclassextension__version>2.2.1</m:dependency.management__org.easymock__easymockclassextension__version>
		<m:dependency.management__org.easymock__easymock__scope>test</m:dependency.management__org.easymock__easymock__scope>
		<m:properties__protoc>${protobuf.source.dir}/protoc</m:properties__protoc>
		<m:dependency.management__org.easymock__easymock__version>2.2</m:dependency.management__org.easymock__easymock__version>
		<e:sbtTransformHash>f9c6271360a662bf24a135f353489d9cb2f3e393</e:sbtTransformHash>
		<m:properties__generated.testsources.dir>${project.build.directory}/generated-test-sources</m:properties__generated.testsources.dir>
		<m:properties__test.proto.dir>src/test/proto</m:properties__test.proto.dir>
		<m:dependency.management__junit__junit__scope>test</m:dependency.management__junit__junit__scope>
	</info>
	<configurations>
		<conf name="default" visibility="public" description="runtime dependencies and master artifact can be used with this conf" extends="runtime,master"/>
		<conf name="master" visibility="public" description="contains only the artifact published by this module itself, with no transitive dependencies"/>
		<conf name="compile" visibility="public" description="this is the default scope, used if none is specified. Compile dependencies are available in all classpaths."/>
		<conf name="provided" visibility="public" description="this is much like compile, but indicates you expect the JDK or a container to provide it. It is only available on the compilation classpath, and is not transitive."/>
		<conf name="runtime" visibility="public" description="this scope indicates that the dependency is not required for compilation, but is for execution. It is in the runtime and test classpaths, but not the compile classpath." extends="compile"/>
		<conf name="test" visibility="private" description="this scope indicates that the dependency is not required for normal use of the application, and is only available for the test compilation and execution phases." extends="runtime"/>
		<conf name="system" visibility="public" description="this scope is similar to provided except that you have to provide the JAR which contains it explicitly. The artifact is always available and is not looked up in a repository."/>
		<conf name="sources" visibility="public" description="this configuration contains the source artifact of this module, if any."/>
		<conf name="javadoc" visibility="public" description="this configuration contains the javadoc artifact of this module, if any."/>
		<conf name="optional" visibility="public" description="contains all optional dependencies"/>
	</configurations>
	<publications>
	</publications>
</ivy-module>
