<?xml version='1.1' encoding='UTF-8'?>
<hudson.model.UserIdMapper>
  <version>1</version>
  <idToDirectoryNameMap class="concurrent-hash-map">
    <entry>
      <string>diego_decarvalho</string>
      <string>diegodecarvalh_3978437907877862461</string>
    </entry>
    <entry>
      <string>angel_munte</string>
      <string>angelmunte_3471768660058469687</string>
    </entry>
    <entry>
      <string>alfonso_sastre</string>
      <string>alfonsosastre_8847296290221379727</string>
    </entry>
    <entry>
      <string>iosu_miral</string>
      <string>iosumiral_2810879205162929674</string>
    </entry>
    <entry>
      <string>victor_bellon</string>
      <string>victorbellon_2503731942097999962</string>
    </entry>
    <entry>
      <string>admin</string>
      <string>admin_4980692452345245070</string>
    </entry>
    <entry>
      <string>esther_vidal</string>
      <string>esthervidal_6499138993961672545</string>
    </entry>
  </idToDirectoryNameMap>
</hudson.model.UserIdMapper>