<?xml version="1.0" encoding="UTF-8"?>
<ivy-module version="2.0" xmlns:m="http://ant.apache.org/ivy/maven">
	<info organisation="org.apache.logging.log4j"
		module="log4j-api"
		revision="2.11.1"
		status="release"
		publication="20180723034454"
	>
		<license name="Apache License, Version 2.0" url="https://www.apache.org/licenses/LICENSE-2.0.txt" />
		<description homepage="">
		The Apache Log4j API
		</description>
		<m:properties__osgi.api.version>4.3.1</m:properties__osgi.api.version>
		<m:dependency.management__org.apache.logging.log4j__log4j-api__scope>test</m:dependency.management__org.apache.logging.log4j__log4j-api__scope>
		<m:dependency.management__org.springframework__spring-oxm__version>3.2.18.RELEASE</m:dependency.management__org.springframework__spring-oxm__version>
		<m:dependency.management__commons-codec__commons-codec__version>1.11</m:dependency.management__commons-codec__commons-codec__version>
		<m:dependency.management__org.apache.logging.log4j__log4j-1.2-api__version>2.11.1</m:dependency.management__org.apache.logging.log4j__log4j-1.2-api__version>
		<m:dependency.management__org.apache.flume__flume-ng-sdk__version>1.7.0</m:dependency.management__org.apache.flume__flume-ng-sdk__version>
		<m:dependency.management__org.zeromq__jeromq__version>0.4.3</m:dependency.management__org.zeromq__jeromq__version>
		<m:properties__velocity.plugin.version>1.5</m:properties__velocity.plugin.version>
		<m:properties__javax.persistence>2.1.1</m:properties__javax.persistence>
		<m:properties__conversantDisruptorVersion>1.2.10</m:properties__conversantDisruptorVersion>
		<m:dependency.management__ch.qos.logback__logback-classic__version>1.2.3</m:dependency.management__ch.qos.logback__logback-classic__version>
		<m:dependency.management__de.flapdoodle.embed__de.flapdoodle.embed.mongo__version>2.1.1</m:dependency.management__de.flapdoodle.embed__de.flapdoodle.embed.mongo__version>
		<m:properties__failsafe.plugin.version>2.21.0</m:properties__failsafe.plugin.version>
		<m:properties__cobertura.plugin.version>2.7</m:properties__cobertura.plugin.version>
		<m:dependency.management__org.codehaus.groovy__groovy-dateutil__version>2.5.1</m:dependency.management__org.codehaus.groovy__groovy-dateutil__version>
		<m:dependency.management__org.osgi__org.osgi.core__scope>provided</m:dependency.management__org.osgi__org.osgi.core__scope>
		<m:dependency.management__org.codehaus.jackson__jackson-core-asl__scope>runtime</m:dependency.management__org.codehaus.jackson__jackson-core-asl__scope>
		<m:dependency.management__org.apache.flume__flume-ng-core__version>1.7.0</m:dependency.management__org.apache.flume__flume-ng-core__version>
		<m:dependency.management__com.google.code.java-allocation-instrumenter__java-allocation-instrumenter__version>3.0.1</m:dependency.management__com.google.code.java-allocation-instrumenter__java-allocation-instrumenter__version>
		<m:dependency.management__org.eclipse.tycho__org.eclipse.osgi__version>3.12.1.v20170821-1548</m:dependency.management__org.eclipse.tycho__org.eclipse.osgi__version>
		<m:dependency.management__org.apache.flume__flume-ng-sdk__exclusion_0>org.codehaus.jackson__jackson-core-asl</m:dependency.management__org.apache.flume__flume-ng-sdk__exclusion_0>
		<m:dependency.management__commons-logging__commons-logging__version>1.2</m:dependency.management__commons-logging__commons-logging__version>
		<m:dependency.management__org.xmlunit__xmlunit-matchers__scope>test</m:dependency.management__org.xmlunit__xmlunit-matchers__scope>
		<m:dependency.management__org.apache.flume__flume-ng-sdk__exclusion_1>org.codehaus.jackson__jackson-mapper-asl</m:dependency.management__org.apache.flume__flume-ng-sdk__exclusion_1>
		<m:dependency.management__junit__junit__scope>test</m:dependency.management__junit__junit__scope>
		<m:properties__project.reporting.outputEncoding>UTF-8</m:properties__project.reporting.outputEncoding>
		<m:dependency.management__org.apache.flume__flume-ng-node__exclusion_3>org.codehaus.jackson__jackson-mapper-asl</m:dependency.management__org.apache.flume__flume-ng-node__exclusion_3>
		<m:properties__distMgmtSnapshotsUrl>https://repository.apache.org/content/repositories/snapshots</m:properties__distMgmtSnapshotsUrl>
		<m:dependency.management__org.apache.flume__flume-ng-node__exclusion_0>org.slf4j__slf4j-log4j12</m:dependency.management__org.apache.flume__flume-ng-node__exclusion_0>
		<m:dependency.management__org.apache.flume__flume-ng-node__exclusion_2>org.codehaus.jackson__jackson-core-asl</m:dependency.management__org.apache.flume__flume-ng-node__exclusion_2>
		<m:dependency.management__org.mongodb__bson__version>3.8.0</m:dependency.management__org.mongodb__bson__version>
		<m:dependency.management__org.apache.flume__flume-ng-node__exclusion_1>log4j__log4j</m:dependency.management__org.apache.flume__flume-ng-node__exclusion_1>
		<m:properties__gpg.useagent>true</m:properties__gpg.useagent>
		<m:dependency.management__net.javacrumbs.json-unit__json-unit__scope>test</m:dependency.management__net.javacrumbs.json-unit__json-unit__scope>
		<m:properties__commonsLoggingVersion>1.2</m:properties__commonsLoggingVersion>
		<m:dependency.management__org.mockito__mockito-core__version>2.13.0</m:dependency.management__org.mockito__mockito-core__version>
		<m:properties__activemq.version>5.14.5</m:properties__activemq.version>
		<m:dependency.management__org.apache.flume__flume-ng-embedded-agent__version>1.7.0</m:dependency.management__org.apache.flume__flume-ng-embedded-agent__version>
		<m:dependency.management__org.eclipse.persistence__javax.persistence__version>2.1.1</m:dependency.management__org.eclipse.persistence__javax.persistence__version>
		<m:dependency.management__org.apache.logging.log4j__log4j-core-java9__version>2.11.1</m:dependency.management__org.apache.logging.log4j__log4j-core-java9__version>
		<m:dependency.management__org.mongodb__mongo-java-driver__version>2.14.3</m:dependency.management__org.mongodb__mongo-java-driver__version>
		<m:dependency.management__org.xmlunit__xmlunit-matchers__version>2.5.1</m:dependency.management__org.xmlunit__xmlunit-matchers__version>
		<m:dependency.management__com.lmax__disruptor__version>3.4.2</m:dependency.management__com.lmax__disruptor__version>
		<m:properties__javadoc.plugin.version>3.0.1</m:properties__javadoc.plugin.version>
		<m:dependency.management__org.apache.commons__commons-csv__version>1.5</m:dependency.management__org.apache.commons__commons-csv__version>
		<m:properties__docLabel>API Documentation</m:properties__docLabel>
		<m:properties__surefire.plugin.version>2.21.0</m:properties__surefire.plugin.version>
		<m:properties__Log4jReleaseKey>B3D8E1BA</m:properties__Log4jReleaseKey>
		<m:dependency.management__commons-io__commons-io__scope>test</m:dependency.management__commons-io__commons-io__scope>
		<m:dependency.management__org.apache.hadoop__hadoop-core__version>1.2.1</m:dependency.management__org.apache.hadoop__hadoop-core__version>
		<m:dependency.management__org.apache.activemq__activemq-broker__version>5.14.5</m:dependency.management__org.apache.activemq__activemq-broker__version>
		<m:dependency.management__org.jctools__jctools-core__version>1.2.1</m:dependency.management__org.jctools__jctools-core__version>
		<m:properties__argLine>-Xms256m -Xmx1024m</m:properties__argLine>
		<m:dependency.management__org.apache.flume__flume-ng-node__version>1.7.0</m:dependency.management__org.apache.flume__flume-ng-node__version>
		<m:properties__clirr.plugin.version>2.8</m:properties__clirr.plugin.version>
		<m:dependency.management__junit__junit__version>4.12</m:dependency.management__junit__junit__version>
		<m:properties__site.plugin.version>3.4</m:properties__site.plugin.version>
		<m:dependency.management__org.eclipse.persistence__javax.persistence__scope>provided</m:dependency.management__org.eclipse.persistence__javax.persistence__scope>
		<m:dependency.management__org.slf4j__slf4j-ext__version>1.7.25</m:dependency.management__org.slf4j__slf4j-ext__version>
		<m:dependency.management__org.fusesource.jansi__jansi__version>1.17.1</m:dependency.management__org.fusesource.jansi__jansi__version>
		<m:dependency.management__org.tukaani__xz__scope>test</m:dependency.management__org.tukaani__xz__scope>
		<m:dependency.management__javax.servlet__servlet-api__scope>provided</m:dependency.management__javax.servlet__servlet-api__scope>
		<m:dependency.management__com.fasterxml.jackson.dataformat__jackson-dataformat-xml__version>2.9.6</m:dependency.management__com.fasterxml.jackson.dataformat__jackson-dataformat-xml__version>
		<m:dependency.management__org.apache.logging.log4j__log4j-slf4j-impl__version>2.11.1</m:dependency.management__org.apache.logging.log4j__log4j-slf4j-impl__version>
		<m:dependency.management__com.sleepycat__je__version>5.0.73</m:dependency.management__com.sleepycat__je__version>
		<m:dependency.management__org.apache.felix__org.apache.felix.framework__version>5.6.10</m:dependency.management__org.apache.felix__org.apache.felix.framework__version>
		<m:dependency.management__org.codehaus.plexus__plexus-utils__version>3.1.0</m:dependency.management__org.codehaus.plexus__plexus-utils__version>
		<m:dependency.management__org.apache.logging.log4j__log4j-jcl__version>2.11.1</m:dependency.management__org.apache.logging.log4j__log4j-jcl__version>
		<m:dependency.management__org.mongodb__mongodb-driver__version>3.8.0</m:dependency.management__org.mongodb__mongodb-driver__version>
		<m:properties__maven.compiler.target>1.7</m:properties__maven.compiler.target>
		<m:dependency.management__org.jboss.spec.javax.jms__jboss-jms-api_1.1_spec__version>1.0.1.Final</m:dependency.management__org.jboss.spec.javax.jms__jboss-jms-api_1.1_spec__version>
		<m:dependency.management__com.conversantmedia__disruptor__version>1.2.10</m:dependency.management__com.conversantmedia__disruptor__version>
		<m:maven.plugins>org.apache.maven.plugins__maven-remote-resources-plugin__null|org.apache.maven.plugins__maven-site-plugin__null|org.apache.maven.plugins__maven-remote-resources-plugin__null|org.apache.maven.plugins__maven-site-plugin__null|org.apache.maven.plugins__maven-remote-resources-plugin__null|org.apache.maven.plugins__maven-site-plugin__null|org.apache.maven.plugins__maven-remote-resources-plugin__null|org.apache.maven.plugins__maven-site-plugin__null|org.apache.maven.plugins__maven-checkstyle-plugin__null|null__maven-clean-plugin__3.1.0|null__maven-resources-plugin__3.0.2|org.apache.maven.plugins__maven-surefire-plugin__2.21.0|org.apache.maven.plugins__maven-failsafe-plugin__2.21.0|org.apache.maven.plugins__maven-site-plugin__3.4|org.apache.maven.plugins__maven-remote-resources-plugin__null|org.apache.maven.plugins__maven-pdf-plugin__1.2|org.apache.maven.plugins__maven-source-plugin__null|org.apache.rat__apache-rat-plugin__0.12|org.apache.maven.plugins__maven-doap-plugin__1.2|org.codehaus.mojo__clirr-maven-plugin__2.8|org.apache.maven.plugins__maven-remote-resources-plugin__null|org.apache.maven.plugins__maven-site-plugin__null|org.apache.maven.plugins__maven-remote-resources-plugin__null|org.apache.maven.plugins__maven-site-plugin__null|org.apache.maven.plugins__maven-remote-resources-plugin__null|org.apache.maven.plugins__maven-site-plugin__null|org.apache.maven.plugins__maven-remote-resources-plugin__null|org.apache.maven.plugins__maven-site-plugin__null|org.apache.maven.plugins__maven-checkstyle-plugin__null|null__maven-clean-plugin__3.1.0|null__maven-resources-plugin__3.0.2|org.apache.maven.plugins__maven-surefire-plugin__2.21.0|org.apache.maven.plugins__maven-failsafe-plugin__2.21.0|org.apache.maven.plugins__maven-site-plugin__3.4|org.apache.maven.plugins__maven-remote-resources-plugin__null|org.apache.maven.plugins__maven-pdf-plugin__1.2|org.apache.maven.plugins__maven-source-plugin__null|org.apache.rat__apache-rat-plugin__0.12|org.apache.maven.plugins__maven-doap-plugin__1.2|org.codehaus.mojo__clirr-maven-plugin__2.8|org.apache.maven.plugins__maven-dependency-plugin__3.0.2|org.codehaus.mojo__build-helper-maven-plugin__1.7|org.apache.maven.plugins__maven-compiler-plugin__null|org.apache.maven.plugins__maven-surefire-plugin__null|org.apache.maven.plugins__maven-jar-plugin__null|org.apache.maven.plugins__maven-remote-resources-plugin__null|org.apache.felix__maven-bundle-plugin__null|org.apache.maven.plugins__maven-deploy-plugin__2.8.2</m:maven.plugins>
		<m:dependency.management__org.apache.logging.log4j__log4j-flume-ng__version>2.11.1</m:dependency.management__org.apache.logging.log4j__log4j-flume-ng__version>
		<m:dependency.management__org.jboss.spec.javax.jms__jboss-jms-api_1.1_spec__scope>provided</m:dependency.management__org.jboss.spec.javax.jms__jboss-jms-api_1.1_spec__scope>
		<m:dependency.management__org.apache.logging.log4j__log4j-core__scope>test</m:dependency.management__org.apache.logging.log4j__log4j-core__scope>
		<m:dependency.management__com.h2database__h2__version>1.4.197</m:dependency.management__com.h2database__h2__version>
		<m:dependency.management__org.springframework__spring-webmvc__version>3.2.18.RELEASE</m:dependency.management__org.springframework__spring-webmvc__version>
		<m:dependency.management__de.flapdoodle.embed__de.flapdoodle.embed.mongo__scope>test</m:dependency.management__de.flapdoodle.embed__de.flapdoodle.embed.mongo__scope>
		<m:properties__release.plugin.version>2.5.3</m:properties__release.plugin.version>
		<m:dependency.management__org.apache.logging.log4j__log4j-web__version>2.11.1</m:dependency.management__org.apache.logging.log4j__log4j-web__version>
		<m:dependency.management__org.springframework__spring-core__version>3.2.18.RELEASE</m:dependency.management__org.springframework__spring-core__version>
		<m:properties__pdf.plugin.version>1.2</m:properties__pdf.plugin.version>
		<m:dependency.management__org.hamcrest__hamcrest-all__version>1.3</m:dependency.management__org.hamcrest__hamcrest-all__version>
		<m:properties__javaTargetVersion>1.7</m:properties__javaTargetVersion>
		<m:dependency.management__com.github.tomakehurst__wiremock__version>2.18.0</m:dependency.management__com.github.tomakehurst__wiremock__version>
		<m:dependency.management__ch.qos.logback__logback-core__version>1.2.3</m:dependency.management__ch.qos.logback__logback-core__version>
		<m:properties__jackson1Version>1.9.13</m:properties__jackson1Version>
		<m:properties__distMgmtSnapshotsName>Apache Development Snapshot Repository</m:properties__distMgmtSnapshotsName>
		<m:properties__sourceReleaseAssemblyDescriptor>source-release</m:properties__sourceReleaseAssemblyDescriptor>
		<m:properties__slf4jVersion>1.7.25</m:properties__slf4jVersion>
		<m:properties__flumeVersion>1.7.0</m:properties__flumeVersion>
		<m:properties__jctoolsVersion>1.2.1</m:properties__jctoolsVersion>
		<m:properties__remote.resources.plugin.version>1.5</m:properties__remote.resources.plugin.version>
		<m:dependency.management__org.hsqldb__hsqldb__version>2.3.5</m:dependency.management__org.hsqldb__hsqldb__version>
		<m:dependency.management__org.springframework__spring-expression__version>3.2.18.RELEASE</m:dependency.management__org.springframework__spring-expression__version>
		<m:dependency.management__org.lightcouch__lightcouch__version>0.0.6</m:dependency.management__org.lightcouch__lightcouch__version>
		<m:dependency.management__org.apache.logging.log4j__log4j-core__version>2.11.1</m:dependency.management__org.apache.logging.log4j__log4j-core__version>
		<m:dependency.management__org.apache.logging.log4j__log4j-api-java9__version>2.11.1</m:dependency.management__org.apache.logging.log4j__log4j-api-java9__version>
		<m:dependency.management__org.hamcrest__hamcrest-all__scope>test</m:dependency.management__org.hamcrest__hamcrest-all__scope>
		<m:properties__deploy.plugin.version>2.8.2</m:properties__deploy.plugin.version>
		<m:properties__Log4jReleaseVersion>2.11.1</m:properties__Log4jReleaseVersion>
		<m:dependency.management__org.apache.flume.flume-ng-channels__flume-file-channel__exclusion_4>junit__junit</m:dependency.management__org.apache.flume.flume-ng-channels__flume-file-channel__exclusion_4>
		<m:properties__scm.plugin.version>1.9.5</m:properties__scm.plugin.version>
		<m:dependency.management__org.apache.flume.flume-ng-channels__flume-file-channel__exclusion_3>org.mortbay.jetty__servlet-api-2.5</m:dependency.management__org.apache.flume.flume-ng-channels__flume-file-channel__exclusion_3>
		<m:properties__mongodb2.version>2.14.3</m:properties__mongodb2.version>
		<m:dependency.management__org.apache.logging.log4j__log4j-slf4j18-impl__version>2.11.1</m:dependency.management__org.apache.logging.log4j__log4j-slf4j18-impl__version>
		<m:dependency.management__com.github.tomakehurst__wiremock__scope>test</m:dependency.management__com.github.tomakehurst__wiremock__scope>
		<m:properties__mockitoVersion>2.13.0</m:properties__mockitoVersion>
		<m:properties__log4jParentDir>${basedir}/..</m:properties__log4jParentDir>
		<m:dependency.management__org.tukaani__xz__version>1.8</m:dependency.management__org.tukaani__xz__version>
		<m:dependency.management__com.fasterxml.jackson.dataformat__jackson-dataformat-yaml__version>2.9.6</m:dependency.management__com.fasterxml.jackson.dataformat__jackson-dataformat-yaml__version>
		<m:dependency.management__ch.qos.logback__logback-classic__scope>test</m:dependency.management__ch.qos.logback__logback-classic__scope>
		<m:properties__manifestfile>${project.build.outputDirectory}/META-INF/MANIFEST.MF</m:properties__manifestfile>
		<m:dependency.management__org.xmlunit__xmlunit-core__version>2.5.1</m:dependency.management__org.xmlunit__xmlunit-core__version>
		<m:dependency.management__org.apache.flume.flume-ng-channels__flume-file-channel__exclusion_0>org.slf4j__slf4j-log4j12</m:dependency.management__org.apache.flume.flume-ng-channels__flume-file-channel__exclusion_0>
		<m:dependency.management__com.sun.mail__javax.mail__version>1.6.1</m:dependency.management__com.sun.mail__javax.mail__version>
		<m:dependency.management__org.apache.flume.flume-ng-channels__flume-file-channel__exclusion_2>org.mortbay.jetty__servlet-api</m:dependency.management__org.apache.flume.flume-ng-channels__flume-file-channel__exclusion_2>
		<m:dependency.management__org.springframework__spring-context__version>3.2.18.RELEASE</m:dependency.management__org.springframework__spring-context__version>
		<m:dependency.management__org.apache.flume.flume-ng-channels__flume-file-channel__exclusion_1>log4j__log4j</m:dependency.management__org.apache.flume.flume-ng-channels__flume-file-channel__exclusion_1>
		<m:properties__rat.plugin.version>0.12</m:properties__rat.plugin.version>
		<m:dependency.management__org.apache.commons__commons-compress__version>1.17</m:dependency.management__org.apache.commons__commons-compress__version>
		<m:dependency.management__org.codehaus.groovy__groovy-jsr223__version>2.5.1</m:dependency.management__org.codehaus.groovy__groovy-jsr223__version>
		<m:properties__compiler.plugin.version>3.7.0</m:properties__compiler.plugin.version>
		<m:dependency.management__org.slf4j__slf4j-api__version>1.7.25</m:dependency.management__org.slf4j__slf4j-api__version>
		<m:dependency.management__org.apache.commons__commons-lang3__version>3.7</m:dependency.management__org.apache.commons__commons-lang3__version>
		<m:dependency.management__org.apache.logging.log4j__log4j-taglib__version>2.11.1</m:dependency.management__org.apache.logging.log4j__log4j-taglib__version>
		<m:dependency.management__org.springframework__spring-test__version>3.2.18.RELEASE</m:dependency.management__org.springframework__spring-test__version>
		<m:dependency.management__com.datastax.cassandra__cassandra-driver-core__version>3.1.4</m:dependency.management__com.datastax.cassandra__cassandra-driver-core__version>
		<m:dependency.management__org.codehaus.plexus__plexus-utils__scope>test</m:dependency.management__org.codehaus.plexus__plexus-utils__scope>
		<m:properties__jacoco.plugin.version>0.8.1</m:properties__jacoco.plugin.version>
		<m:dependency.management__org.apache.maven__maven-core__version>3.5.4</m:dependency.management__org.apache.maven__maven-core__version>
		<m:properties__changes.plugin.version>2.12.1</m:properties__changes.plugin.version>
		<m:properties__projectDir>/api</m:properties__projectDir>
		<m:properties__jackson2Version>2.9.6</m:properties__jackson2Version>
		<m:dependency.management__com.fasterxml.jackson.core__jackson-annotations__version>2.9.6</m:dependency.management__com.fasterxml.jackson.core__jackson-annotations__version>
		<m:properties__findbugs.plugin.version>3.0.5</m:properties__findbugs.plugin.version>
		<m:properties__Log4jReleaseManager>Ralph Goers</m:properties__Log4jReleaseManager>
		<m:properties__pmd.plugin.version>3.10.0</m:properties__pmd.plugin.version>
		<m:dependency.management__org.codehaus.jackson__jackson-core-asl__version>1.9.13</m:dependency.management__org.codehaus.jackson__jackson-core-asl__version>
		<m:dependency.management__org.mockito__mockito-core__scope>test</m:dependency.management__org.mockito__mockito-core__scope>
		<m:dependency.management__com.fasterxml.jackson.core__jackson-core__version>2.9.6</m:dependency.management__com.fasterxml.jackson.core__jackson-core__version>
		<m:properties__logbackVersion>1.2.3</m:properties__logbackVersion>
		<m:properties__mongodb3.version>3.8.0</m:properties__mongodb3.version>
		<m:properties__springVersion>3.2.18.RELEASE</m:properties__springVersion>
		<m:dependency.management__org.apache.kafka__kafka-clients__version>1.1.1</m:dependency.management__org.apache.kafka__kafka-clients__version>
		<m:properties__organization.logo>https://www.apache.org/images/asf_logo_wide.gif</m:properties__organization.logo>
		<m:dependency.management__com.fasterxml.jackson.core__jackson-databind__version>2.9.6</m:dependency.management__com.fasterxml.jackson.core__jackson-databind__version>
		<m:dependency.management__org.hdrhistogram__HdrHistogram__version>2.1.9</m:dependency.management__org.hdrhistogram__HdrHistogram__version>
		<m:dependency.management__org.apache.hadoop__hadoop-core__exclusion_1>org.codehaus.jackson__jackson-mapper-asl</m:dependency.management__org.apache.hadoop__hadoop-core__exclusion_1>
		<m:properties__jxr.plugin.version>2.5</m:properties__jxr.plugin.version>
		<m:dependency.management__org.apache.flume__flume-ng-embedded-agent__exclusion_3>org.codehaus.jackson__jackson-mapper-asl</m:dependency.management__org.apache.flume__flume-ng-embedded-agent__exclusion_3>
		<m:dependency.management__org.apache.hadoop__hadoop-core__exclusion_0>org.codehaus.jackson__jackson-core-asl</m:dependency.management__org.apache.hadoop__hadoop-core__exclusion_0>
		<m:dependency.management__org.springframework__spring-aop__version>3.2.18.RELEASE</m:dependency.management__org.springframework__spring-aop__version>
		<m:dependency.management__org.apache.logging.log4j__log4j-iostreams__version>2.11.1</m:dependency.management__org.apache.logging.log4j__log4j-iostreams__version>
		<m:properties__minSeverity>info</m:properties__minSeverity>
		<m:dependency.management__org.apache.flume__flume-ng-embedded-agent__exclusion_0>org.slf4j__slf4j-log4j12</m:dependency.management__org.apache.flume__flume-ng-embedded-agent__exclusion_0>
		<m:dependency.management__commons-io__commons-io__version>2.6</m:dependency.management__commons-io__commons-io__version>
		<m:dependency.management__org.apache.logging.log4j__log4j-api__version>2.11.1</m:dependency.management__org.apache.logging.log4j__log4j-api__version>
		<m:dependency.management__org.apache.flume__flume-ng-embedded-agent__exclusion_2>org.codehaus.jackson__jackson-core-asl</m:dependency.management__org.apache.flume__flume-ng-embedded-agent__exclusion_2>
		<m:dependency.management__org.apache.hadoop__hadoop-core__exclusion_3>junit__junit</m:dependency.management__org.apache.hadoop__hadoop-core__exclusion_3>
		<m:dependency.management__net.javacrumbs.json-unit__json-unit__version>1.31.1</m:dependency.management__net.javacrumbs.json-unit__json-unit__version>
		<m:dependency.management__org.apache.flume__flume-ng-embedded-agent__exclusion_1>log4j__log4j</m:dependency.management__org.apache.flume__flume-ng-embedded-agent__exclusion_1>
		<m:dependency.management__org.apache.hadoop__hadoop-core__exclusion_2>org.mortbay.jetty__servlet-api</m:dependency.management__org.apache.hadoop__hadoop-core__exclusion_2>
		<m:dependency.management__org.codehaus.jackson__jackson-mapper-asl__version>1.9.13</m:dependency.management__org.codehaus.jackson__jackson-mapper-asl__version>
		<m:dependency.management__org.eclipse.persistence__org.eclipse.persistence.jpa__version>2.6.5</m:dependency.management__org.eclipse.persistence__org.eclipse.persistence.jpa__version>
		<m:dependency.management__org.springframework__spring-beans__version>3.2.18.RELEASE</m:dependency.management__org.springframework__spring-beans__version>
		<m:properties__checkstyle.plugin.version>3.0.0</m:properties__checkstyle.plugin.version>
		<m:dependency.management__org.springframework__spring-web__version>3.2.18.RELEASE</m:dependency.management__org.springframework__spring-web__version>
		<m:dependency.management__org.osgi__org.osgi.core__version>4.3.1</m:dependency.management__org.osgi__org.osgi.core__version>
		<m:dependency.management__ch.qos.logback__logback-core__scope>test</m:dependency.management__ch.qos.logback__logback-core__scope>
		<m:dependency.management__org.liquibase__liquibase-core__version>3.5.3</m:dependency.management__org.liquibase__liquibase-core__version>
		<m:dependency.management__org.apache.flume.flume-ng-channels__flume-file-channel__version>1.7.0</m:dependency.management__org.apache.flume.flume-ng-channels__flume-file-channel__version>
		<m:dependency.management__org.xmlunit__xmlunit-core__scope>test</m:dependency.management__org.xmlunit__xmlunit-core__scope>
		<m:properties__project.build.sourceEncoding>UTF-8</m:properties__project.build.sourceEncoding>
		<m:properties__surefire.version>2.19.1</m:properties__surefire.version>
		<m:dependency.management__org.apache.flume__flume-ng-core__exclusion_0>org.slf4j__slf4j-log4j12</m:dependency.management__org.apache.flume__flume-ng-core__exclusion_0>
		<m:dependency.management__org.apache.flume__flume-ng-core__exclusion_1>log4j__log4j</m:dependency.management__org.apache.flume__flume-ng-core__exclusion_1>
		<m:dependency.management__org.codehaus.jackson__jackson-mapper-asl__scope>runtime</m:dependency.management__org.codehaus.jackson__jackson-mapper-asl__scope>
		<m:dependency.management__javax.servlet__servlet-api__version>2.5</m:dependency.management__javax.servlet__servlet-api__version>
		<m:properties__disruptorVersion>3.4.2</m:properties__disruptorVersion>
		<m:dependency.management__org.apache.logging.log4j__log4j-jul__version>2.11.1</m:dependency.management__org.apache.logging.log4j__log4j-jul__version>
		<m:properties__maven.compiler.source>1.7</m:properties__maven.compiler.source>
		<m:dependency.management__com.fasterxml.jackson.module__jackson-module-jaxb-annotations__version>2.9.6</m:dependency.management__com.fasterxml.jackson.module__jackson-module-jaxb-annotations__version>
		<m:dependency.management__org.apache-extras.beanshell__bsh__version>2.0b6</m:dependency.management__org.apache-extras.beanshell__bsh__version>
	</info>
	<configurations>
		<conf name="default" visibility="public" description="runtime dependencies and master artifact can be used with this conf" extends="runtime,master"/>
		<conf name="master" visibility="public" description="contains only the artifact published by this module itself, with no transitive dependencies"/>
		<conf name="compile" visibility="public" description="this is the default scope, used if none is specified. Compile dependencies are available in all classpaths."/>
		<conf name="provided" visibility="public" description="this is much like compile, but indicates you expect the JDK or a container to provide it. It is only available on the compilation classpath, and is not transitive."/>
		<conf name="runtime" visibility="public" description="this scope indicates that the dependency is not required for compilation, but is for execution. It is in the runtime and test classpaths, but not the compile classpath." extends="compile"/>
		<conf name="test" visibility="private" description="this scope indicates that the dependency is not required for normal use of the application, and is only available for the test compilation and execution phases." extends="runtime"/>
		<conf name="system" visibility="public" description="this scope is similar to provided except that you have to provide the JAR which contains it explicitly. The artifact is always available and is not looked up in a repository."/>
		<conf name="sources" visibility="public" description="this configuration contains the source artifact of this module, if any."/>
		<conf name="javadoc" visibility="public" description="this configuration contains the javadoc artifact of this module, if any."/>
		<conf name="optional" visibility="public" description="contains all optional dependencies"/>
	</configurations>
	<publications>
		<artifact name="log4j-api" type="jar" ext="jar" conf="master"/>
	</publications>
	<dependencies>
		<dependency org="org.apache.logging.log4j" name="log4j-api-java9" rev="2.11.1" force="true" conf="provided->compile(*),provided(*),runtime(*),master(*)">
			<artifact name="log4j-api-java9" type="zip" ext="zip" conf=""/>
		</dependency>
		<dependency org="org.apache.felix" name="org.apache.felix.framework" rev="5.6.10" force="true" conf="test->runtime(*),master(*)"/>
		<dependency org="org.osgi" name="org.osgi.core" rev="4.3.1" force="true" conf="provided->compile(*),provided(*),runtime(*),master(*)"/>
		<dependency org="junit" name="junit" rev="4.12" force="true" conf="test->runtime(*),master(*)"/>
		<dependency org="org.eclipse.tycho" name="org.eclipse.osgi" rev="3.12.1.v20170821-1548" force="true" conf="test->runtime(*),master(*)"/>
		<dependency org="org.apache.maven" name="maven-core" rev="3.5.4" force="true" conf="test->runtime(*),master(*)"/>
		<dependency org="org.apache.commons" name="commons-lang3" rev="3.7" force="true" conf="test->runtime(*),master(*)"/>
		<dependency org="com.fasterxml.jackson.core" name="jackson-core" rev="2.9.6" force="true" conf="test->runtime(*),master(*)"/>
		<dependency org="com.fasterxml.jackson.core" name="jackson-databind" rev="2.9.6" force="true" conf="test->runtime(*),master(*)"/>
		<override org="org.eclipse.tycho" module="org.eclipse.osgi" matcher="exact" rev="3.12.1.v20170821-1548"/>
		<override org="org.eclipse.persistence" module="javax.persistence" matcher="exact" rev="2.1.1"/>
		<override org="org.apache.logging.log4j" module="log4j-slf4j-impl" matcher="exact" rev="2.11.1"/>
		<override org="org.springframework" module="spring-aop" matcher="exact" rev="3.2.18.RELEASE"/>
		<override org="com.fasterxml.jackson.dataformat" module="jackson-dataformat-xml" matcher="exact" rev="2.9.6"/>
		<override org="org.hamcrest" module="hamcrest-all" matcher="exact" rev="1.3"/>
		<override org="org.apache.flume" module="flume-ng-embedded-agent" matcher="exact" rev="1.7.0"/>
		<override org="org.springframework" module="spring-beans" matcher="exact" rev="3.2.18.RELEASE"/>
		<override org="com.fasterxml.jackson.module" module="jackson-module-jaxb-annotations" matcher="exact" rev="2.9.6"/>
		<override org="org.osgi" module="org.osgi.core" matcher="exact" rev="4.3.1"/>
		<override org="org.apache.felix" module="org.apache.felix.framework" matcher="exact" rev="5.6.10"/>
		<override org="ch.qos.logback" module="logback-classic" matcher="exact" rev="1.2.3"/>
		<override org="org.springframework" module="spring-expression" matcher="exact" rev="3.2.18.RELEASE"/>
		<override org="net.javacrumbs.json-unit" module="json-unit" matcher="exact" rev="1.31.1"/>
		<override org="org.xmlunit" module="xmlunit-core" matcher="exact" rev="2.5.1"/>
		<override org="org.codehaus.groovy" module="groovy-jsr223" matcher="exact" rev="2.5.1"/>
		<override org="org.apache.logging.log4j" module="log4j-1.2-api" matcher="exact" rev="2.11.1"/>
		<override org="com.sleepycat" module="je" matcher="exact" rev="5.0.73"/>
		<override org="org.apache.logging.log4j" module="log4j-slf4j18-impl" matcher="exact" rev="2.11.1"/>
		<override org="org.liquibase" module="liquibase-core" matcher="exact" rev="3.5.3"/>
		<override org="org.mongodb" module="mongo-java-driver" matcher="exact" rev="2.14.3"/>
		<override org="com.h2database" module="h2" matcher="exact" rev="1.4.197"/>
		<override org="org.jboss.spec.javax.jms" module="jboss-jms-api_1.1_spec" matcher="exact" rev="1.0.1.Final"/>
		<override org="com.fasterxml.jackson.core" module="jackson-core" matcher="exact" rev="2.9.6"/>
		<override org="org.springframework" module="spring-oxm" matcher="exact" rev="3.2.18.RELEASE"/>
		<override org="org.springframework" module="spring-test" matcher="exact" rev="3.2.18.RELEASE"/>
		<override org="org.apache-extras.beanshell" module="bsh" matcher="exact" rev="2.0b6"/>
		<override org="org.apache.commons" module="commons-csv" matcher="exact" rev="1.5"/>
		<override org="org.apache.logging.log4j" module="log4j-api" matcher="exact" rev="2.11.1"/>
		<override org="org.mongodb" module="mongodb-driver" matcher="exact" rev="3.8.0"/>
		<override org="com.sun.mail" module="javax.mail" matcher="exact" rev="1.6.1"/>
		<override org="org.zeromq" module="jeromq" matcher="exact" rev="0.4.3"/>
		<override org="org.apache.logging.log4j" module="log4j-taglib" matcher="exact" rev="2.11.1"/>
		<override org="org.springframework" module="spring-core" matcher="exact" rev="3.2.18.RELEASE"/>
		<override org="com.conversantmedia" module="disruptor" matcher="exact" rev="1.2.10"/>
		<override org="com.fasterxml.jackson.core" module="jackson-databind" matcher="exact" rev="2.9.6"/>
		<override org="com.datastax.cassandra" module="cassandra-driver-core" matcher="exact" rev="3.1.4"/>
		<override org="org.apache.logging.log4j" module="log4j-core-java9" matcher="exact" rev="2.11.1"/>
		<override org="org.apache.logging.log4j" module="log4j-core" matcher="exact" rev="2.11.1"/>
		<override org="org.apache.logging.log4j" module="log4j-api-java9" matcher="exact" rev="2.11.1"/>
		<override org="org.apache.flume.flume-ng-channels" module="flume-file-channel" matcher="exact" rev="1.7.0"/>
		<override org="commons-codec" module="commons-codec" matcher="exact" rev="1.11"/>
		<override org="org.slf4j" module="slf4j-ext" matcher="exact" rev="1.7.25"/>
		<override org="org.apache.commons" module="commons-compress" matcher="exact" rev="1.17"/>
		<override org="org.apache.logging.log4j" module="log4j-iostreams" matcher="exact" rev="2.11.1"/>
		<override org="org.apache.kafka" module="kafka-clients" matcher="exact" rev="1.1.1"/>
		<override org="org.apache.commons" module="commons-lang3" matcher="exact" rev="3.7"/>
		<override org="org.apache.flume" module="flume-ng-sdk" matcher="exact" rev="1.7.0"/>
		<override org="org.apache.flume" module="flume-ng-node" matcher="exact" rev="1.7.0"/>
		<override org="com.lmax" module="disruptor" matcher="exact" rev="3.4.2"/>
		<override org="junit" module="junit" matcher="exact" rev="4.12"/>
		<override org="commons-logging" module="commons-logging" matcher="exact" rev="1.2"/>
		<override org="com.github.tomakehurst" module="wiremock" matcher="exact" rev="2.18.0"/>
		<override org="org.codehaus.plexus" module="plexus-utils" matcher="exact" rev="3.1.0"/>
		<override org="org.eclipse.persistence" module="org.eclipse.persistence.jpa" matcher="exact" rev="2.6.5"/>
		<override org="org.springframework" module="spring-webmvc" matcher="exact" rev="3.2.18.RELEASE"/>
		<override org="org.apache.maven" module="maven-core" matcher="exact" rev="3.5.4"/>
		<override org="com.fasterxml.jackson.core" module="jackson-annotations" matcher="exact" rev="2.9.6"/>
		<override org="org.apache.logging.log4j" module="log4j-jul" matcher="exact" rev="2.11.1"/>
		<override org="org.apache.activemq" module="activemq-broker" matcher="exact" rev="5.14.5"/>
		<override org="org.slf4j" module="slf4j-api" matcher="exact" rev="1.7.25"/>
		<override org="org.mockito" module="mockito-core" matcher="exact" rev="2.13.0"/>
		<override org="org.tukaani" module="xz" matcher="exact" rev="1.8"/>
		<override org="ch.qos.logback" module="logback-core" matcher="exact" rev="1.2.3"/>
		<override org="org.apache.hadoop" module="hadoop-core" matcher="exact" rev="1.2.1"/>
		<override org="org.mongodb" module="bson" matcher="exact" rev="3.8.0"/>
		<override org="org.codehaus.jackson" module="jackson-core-asl" matcher="exact" rev="1.9.13"/>
		<override org="org.xmlunit" module="xmlunit-matchers" matcher="exact" rev="2.5.1"/>
		<override org="com.google.code.java-allocation-instrumenter" module="java-allocation-instrumenter" matcher="exact" rev="3.0.1"/>
		<override org="org.apache.logging.log4j" module="log4j-jcl" matcher="exact" rev="2.11.1"/>
		<override org="org.apache.flume" module="flume-ng-core" matcher="exact" rev="1.7.0"/>
		<override org="org.apache.logging.log4j" module="log4j-web" matcher="exact" rev="2.11.1"/>
		<override org="com.fasterxml.jackson.dataformat" module="jackson-dataformat-yaml" matcher="exact" rev="2.9.6"/>
		<override org="org.jctools" module="jctools-core" matcher="exact" rev="1.2.1"/>
		<override org="org.codehaus.jackson" module="jackson-mapper-asl" matcher="exact" rev="1.9.13"/>
		<override org="javax.servlet" module="servlet-api" matcher="exact" rev="2.5"/>
		<override org="de.flapdoodle.embed" module="de.flapdoodle.embed.mongo" matcher="exact" rev="2.1.1"/>
		<override org="commons-io" module="commons-io" matcher="exact" rev="2.6"/>
		<override org="org.springframework" module="spring-web" matcher="exact" rev="3.2.18.RELEASE"/>
		<override org="org.codehaus.groovy" module="groovy-dateutil" matcher="exact" rev="2.5.1"/>
		<override org="org.lightcouch" module="lightcouch" matcher="exact" rev="0.0.6"/>
		<override org="org.hdrhistogram" module="HdrHistogram" matcher="exact" rev="2.1.9"/>
		<override org="org.apache.logging.log4j" module="log4j-flume-ng" matcher="exact" rev="2.11.1"/>
		<override org="org.fusesource.jansi" module="jansi" matcher="exact" rev="1.17.1"/>
		<override org="org.springframework" module="spring-context" matcher="exact" rev="3.2.18.RELEASE"/>
		<override org="org.hsqldb" module="hsqldb" matcher="exact" rev="2.3.5"/>
	</dependencies>
</ivy-module>
