<?xml version="1.0" encoding="UTF-8"?>
<ivy-module version="2.0" xmlns:m="http://ant.apache.org/ivy/maven" xmlns:e="http://ant.apache.org/ivy/extra">
	<info organisation="com.google.inject"
		module="guice-parent"
		revision="3.0"
		status="release"
		publication="20110325181705"
	>
		<license name="The Apache Software License, Version 2.0" url="http://www.apache.org/licenses/LICENSE-2.0.txt" />
		<description homepage="http://code.google.com/p/google-guice/">
		Guice is a lightweight dependency injection framework for Java 5 and above
		</description>
		<m:properties__guice.with.jarjar>true</m:properties__guice.with.jarjar>
		<m:properties__guice.api.version>1.3</m:properties__guice.api.version>
		<e:sbtTransformHash>f7797726efa7eef7aa4b072d409d23bfb41f5d11</e:sbtTransformHash>
		<m:properties__guice.with.no_aop>true</m:properties__guice.with.no_aop>
		<m:properties__project.build.sourceEncoding>UTF-8</m:properties__project.build.sourceEncoding>
	</info>
	<configurations>
		<conf name="default" visibility="public" description="runtime dependencies and master artifact can be used with this conf" extends="runtime,master"/>
		<conf name="master" visibility="public" description="contains only the artifact published by this module itself, with no transitive dependencies"/>
		<conf name="compile" visibility="public" description="this is the default scope, used if none is specified. Compile dependencies are available in all classpaths."/>
		<conf name="provided" visibility="public" description="this is much like compile, but indicates you expect the JDK or a container to provide it. It is only available on the compilation classpath, and is not transitive."/>
		<conf name="runtime" visibility="public" description="this scope indicates that the dependency is not required for compilation, but is for execution. It is in the runtime and test classpaths, but not the compile classpath." extends="compile"/>
		<conf name="test" visibility="private" description="this scope indicates that the dependency is not required for normal use of the application, and is only available for the test compilation and execution phases." extends="runtime"/>
		<conf name="system" visibility="public" description="this scope is similar to provided except that you have to provide the JAR which contains it explicitly. The artifact is always available and is not looked up in a repository."/>
		<conf name="sources" visibility="public" description="this configuration contains the source artifact of this module, if any."/>
		<conf name="javadoc" visibility="public" description="this configuration contains the javadoc artifact of this module, if any."/>
		<conf name="optional" visibility="public" description="contains all optional dependencies"/>
	</configurations>
	<publications>
	</publications>
	<dependencies>
		<dependency org="org.testng" name="testng" rev="5.11" force="true" conf="test->runtime(*),master(compile)">
			<artifact name="testng" type="jar" ext="jar" conf="" m:classifier="jdk15"/>
		</dependency>
	</dependencies>
</ivy-module>
