<?xml version="1.0" encoding="UTF-8"?>
<ivy-module version="2.0" xmlns:m="http://ant.apache.org/ivy/maven" xmlns:e="http://ant.apache.org/ivy/extra">
	<info organisation="org.mortbay.jetty"
		module="servlet-api"
		revision="2.5-20081211"
		status="release"
		publication="20081211173400"
	>
		<license name="Apache License Version 2.0" url="http://www.apache.org/licenses/LICENSE-2.0" />
		<description homepage="">
		Servlet Specification API
		</description>
		<m:properties__maven-wagon-version>1.0-beta-2</m:properties__maven-wagon-version>
		<e:sbtTransformHash>41126d3ea1110f754529deb2dc7de908de4e729f</e:sbtTransformHash>
		<m:maven.plugins>org.apache.maven.plugins__maven-enforcer-plugin__1.0-alpha-3|org.apache.maven.plugins__maven-release-plugin__null|org.apache.maven.plugins__maven-enforcer-plugin__1.0-alpha-3|org.apache.maven.plugins__maven-release-plugin__null|null__maven-compiler-plugin__null|org.apache.felix__maven-bundle-plugin__null|org.apache.maven.plugins__maven-jar-plugin__null|null__maven-release-plugin__null</m:maven.plugins>
	</info>
	<configurations>
		<conf name="default" visibility="public" description="runtime dependencies and master artifact can be used with this conf" extends="runtime,master"/>
		<conf name="master" visibility="public" description="contains only the artifact published by this module itself, with no transitive dependencies"/>
		<conf name="compile" visibility="public" description="this is the default scope, used if none is specified. Compile dependencies are available in all classpaths."/>
		<conf name="provided" visibility="public" description="this is much like compile, but indicates you expect the JDK or a container to provide it. It is only available on the compilation classpath, and is not transitive."/>
		<conf name="runtime" visibility="public" description="this scope indicates that the dependency is not required for compilation, but is for execution. It is in the runtime and test classpaths, but not the compile classpath." extends="compile"/>
		<conf name="test" visibility="private" description="this scope indicates that the dependency is not required for normal use of the application, and is only available for the test compilation and execution phases." extends="runtime"/>
		<conf name="system" visibility="public" description="this scope is similar to provided except that you have to provide the JAR which contains it explicitly. The artifact is always available and is not looked up in a repository."/>
		<conf name="sources" visibility="public" description="this configuration contains the source artifact of this module, if any."/>
		<conf name="javadoc" visibility="public" description="this configuration contains the javadoc artifact of this module, if any."/>
		<conf name="optional" visibility="public" description="contains all optional dependencies"/>
	</configurations>
	<publications>
		<artifact name="servlet-api" type="jar" ext="jar" conf="master"/>
	</publications>
</ivy-module>
